uid,domainID,siteID,namedLocation,collectDate,parentSampleID,waterSampleID,waterSampleCode,sdgFieldDataQF,publicationDate
a6523e39-4e0c-4645-9ba5-3cb46d521131,D01,HOPB,HOPB.AOS.S2,2016-09-06T15:58Z,HOPB.SS.20160906,HOPB.SS.20160906,,,20200224T172211Z
b4351f25-cc2b-4de2-a438-8bd94be8ed29,D01,HOPB,HOPB.AOS.S2,2016-09-22T13:55Z,HOPB.SS.20160922,HOPB.SS.20160922,,,20200224T172211Z
988f6eba-ffde-49bc-9a01-ab82c26e408a,D01,HOPB,HOPB.AOS.S2,2016-10-18T13:50Z,HOPB.SS.20161018,HOPB.SS.20161018,,,20200224T164538Z
b2147c05-c7dc-4743-9106-06d888efdd2d,D01,HOPB,HOPB.AOS.S2,2016-11-10T14:50Z,HOPB.SS.20161110,HOPB.SS.20161110,,,20200224T164511Z
7321eb2c-f720-4164-a757-e64be84eefc6,D01,HOPB,HOPB.AOS.S2,2016-11-17T14:40Z,HOPB.SS.20161117,HOPB.SS.20161117,,,20200224T164511Z
fbbd5a52-7c92-452f-8941-73e9a4fa615f,D01,HOPB,HOPB.AOS.S2,2016-12-07T14:50Z,HOPB.SS.20161207,HOPB.SS.20161207,,,20200224T164125Z
a254f9f7-b27d-46e4-8685-c3ef45b4c20d,D01,HOPB,HOPB.AOS.S2,2016-12-14T14:50Z,HOPB.SS.20161214,HOPB.SS.20161214,,,20200224T164125Z
71afb8cb-8333-4712-8d9c-62ba7d295f69,D01,HOPB,HOPB.AOS.S2,2017-01-17T15:30Z,HOPB.SS.20170117,HOPB.SS.20170117,,,20200224T170627Z
b655ce9a-ef78-407f-81eb-36ba03c808a4,D01,HOPB,HOPB.AOS.S2,2017-01-25T15:02Z,HOPB.SS.20170125,HOPB.SS.20170125,,,20200224T170627Z
f7a502dd-87bc-46ae-b255-8242352f58bb,D01,HOPB,HOPB.AOS.S2,2017-02-14T15:40Z,HOPB.SS.20170214,HOPB.SS.20170214,,,20200224T170528Z
1bdf6307-c433-4991-baf8-a1a5386f8f45,D01,HOPB,HOPB.AOS.S2,2017-02-21T14:55Z,HOPB.SS.20170221,HOPB.SS.20170221,,,20200224T170528Z
f6730de9-fdc7-4e9b-8f73-f912c85d3aee,D01,HOPB,HOPB.AOS.S2,2017-03-06T15:35Z,HOPB.SS.20170306,HOPB.SS.20170306,,,20200224T172039Z
3321b1f0-ac5d-44f5-bdc8-8bac402b3c50,D01,HOPB,HOPB.AOS.S2,2017-03-16T14:30Z,HOPB.SS.20170316,HOPB.SS.20170316,,,20200224T172039Z
0886aca9-eb61-4bbf-88c6-7301c2921a55,D01,HOPB,HOPB.AOS.S2,2017-03-20T13:00Z,HOPB.SS.20170320,HOPB.SS.20170320,,,20200224T172039Z
b7f975d0-0d2f-46e4-86c2-a0d8ec5fccd7,D01,HOPB,HOPB.AOS.S2,2017-03-29T15:35Z,HOPB.SS.20170329,HOPB.SS.20170329,,,20200224T172039Z
8f318d2e-a59c-41b4-8e7d-9440844fead3,D01,HOPB,HOPB.AOS.S2,2017-04-11T13:30Z,HOPB.SS.20170411,HOPB.SS.20170411,,,20200224T171809Z
99f04a20-9450-4c70-bfe8-106cb7b76cb1,D01,HOPB,HOPB.AOS.S2,2017-04-17T13:30Z,HOPB.SS.20170417,HOPB.SS.20170417,,,20200224T171809Z
8e125ea1-18c2-4d14-9dd9-f8baa12a44e3,D01,HOPB,HOPB.AOS.S2,2017-04-26T14:15Z,HOPB.SS.20170426,HOPB.SS.20170426,,,20200224T171809Z
7413f9a5-b4f5-4681-b0cc-e1b69401f3e1,D01,HOPB,HOPB.AOS.S2,2017-05-09T09:46Z,HOPB.SS.20170509,HOPB.SS.20170509,,,20200224T171626Z
6dd2d2c9-3915-4c49-97e5-073c8256f35a,D01,HOPB,HOPB.AOS.S2,2017-05-15T09:55Z,HOPB.SS.20170515,HOPB.SS.20170515,,,20200224T171626Z
24e83843-11bc-418c-a631-1526085f36b6,D01,HOPB,HOPB.AOS.S2,2017-05-31T09:30Z,HOPB.SS.20170531,HOPB.SS.20170531,,,20200224T171626Z
c6c92e8a-66b2-4ddf-8145-8b7935048f84,D01,HOPB,HOPB.AOS.S2,2017-06-20T12:56Z,HOPB.SS.20170620,HOPB.SS.20170620,,,20200224T171415Z
6549dafa-c17a-42fc-a340-b6c8015b917d,D01,HOPB,HOPB.AOS.S2,2017-07-10T16:09Z,HOPB.SS.20170710,HOPB.SS.20170710,,,20200224T171137Z
951dac66-8d64-4e30-a71b-c353a3a9bef2,D01,HOPB,HOPB.AOS.S2,2017-07-25T12:30Z,HOPB.SS.20170725,HOPB.SS.20170725,,,20200224T171137Z
af727344-fcd3-4664-9491-fa9a94d12180,D01,HOPB,HOPB.AOS.S2,2017-08-08T12:57Z,HOPB.SS.20170808,HOPB.SS.20170808,,,20200224T172159Z
96a1a183-9709-4c9a-8d8c-9ecee468547e,D01,HOPB,HOPB.AOS.S2,2017-09-06T13:00Z,HOPB.SS.20170906,HOPB.SS.20170906,,,20200224T164542Z
b2330e13-f908-4c6b-9d77-7ef67fd86a19,D01,HOPB,HOPB.AOS.S2,2017-09-12T13:08Z,HOPB.SS.20170912,HOPB.SS.20170912,,,20200224T164542Z
94940939-c647-44d5-b4fa-4f5e01d9aaa2,D01,HOPB,HOPB.AOS.S2,2017-10-17T12:39Z,HOPB.SS.20171017,HOPB.SS.20171017,,,20200224T164507Z
06e6a24f-5197-45a0-a53b-71bbdbb40fe4,D01,HOPB,HOPB.AOS.S2,2017-11-07T14:18Z,HOPB.SS.20171107,HOPB.SS.20171107,,,20200224T164109Z
a3471cb8-5b32-4e5c-beef-a982a512d313,D01,HOPB,HOPB.AOS.S2,2017-11-13T14:28Z,HOPB.SS.20171113,HOPB.SS.20171113,,,20200224T164109Z
217241ea-0b49-478a-8cb1-1ab6f329832d,D01,HOPB,HOPB.AOS.S2,2017-12-06T15:50Z,HOPB.SS.20171206,HOPB.SS.20171206,,,20200224T163947Z
416851c6-6039-493d-bd1e-a78fc891a12b,D01,HOPB,HOPB.AOS.S2,2017-12-12T14:25Z,HOPB.SS.20171212,HOPB.SS.20171212,,,20200224T163947Z
d465b2df-60ee-4db9-b73e-1a620c53839a,D01,HOPB,HOPB.AOS.S2,2018-01-25T14:42Z,HOPB.SS.20180125,HOPB.SS.20180125,,,20200224T170524Z
874a3067-3cbf-442d-b9af-21491fff05b7,D01,HOPB,HOPB.AOS.S2,2018-02-14T15:10Z,HOPB.SS.20180214,HOPB.SS.20180214,,,20200224T172042Z
82b254fe-3026-4551-b626-59d725e60bb4,D01,HOPB,HOPB.AOS.S2,2018-02-20T15:12Z,HOPB.SS.20180220,HOPB.SS.20180220,,,20200224T172042Z
13d00d68-8453-4f6b-b029-65d01cf198e7,D01,HOPB,HOPB.AOS.S2,2018-02-28T14:33Z,HOPB.SS.20180228,HOPB.SS.20180228,,,20200224T172042Z
6c67bf44-01fe-44c0-9093-1405ef99fef6,D01,HOPB,HOPB.AOS.S2,2018-03-06T14:34Z,HOPB.SS.20180306,HOPB.SS.20180306,,,20200224T171801Z
ef40bef8-b244-43ba-a22c-a01dd89d815a,D01,HOPB,HOPB.AOS.S2,2018-03-12T14:52Z,HOPB.SS.20180312,HOPB.SS.20180312,,,20200224T171801Z
ad099ce1-8161-45db-9025-4bced4b6172c,D01,HOPB,HOPB.AOS.S2,2018-03-19T14:21Z,HOPB.SS.20180319,HOPB.SS.20180319,,,20200224T171801Z
d72e4525-6204-47ef-91f0-c8c70f261e44,D01,HOPB,HOPB.AOS.S2,2018-03-29T14:10Z,HOPB.SS.20180329,HOPB.SS.20180329,,,20200224T171801Z
837bc340-7cc9-4be9-ac72-11f84058655a,D01,HOPB,HOPB.AOS.S2,2018-04-05T14:32Z,HOPB.SS.20180405,HOPB.SS.20180405,,,20200224T171614Z
240ea198-a9aa-4e2c-ae5f-882e4123e807,D01,HOPB,HOPB.AOS.S2,2018-04-10T13:30Z,HOPB.SS.20180410,HOPB.SS.20180410,,,20200224T171614Z
611395e4-d230-49b9-9739-e6e2065987c7,D01,HOPB,HOPB.AOS.S2,2018-04-16T13:47Z,HOPB.SS.20180416,HOPB.SS.20180416,,,20200224T171614Z
64179651-a62b-4392-918c-e6a011be7639,D01,HOPB,HOPB.AOS.S2,2018-04-25T14:35Z,HOPB.SS.20180425,HOPB.SS.20180425,,,20200224T171614Z
bdc5f4e5-8fc3-4e66-85e3-488d959dd66d,D01,HOPB,HOPB.AOS.S2,2018-05-14T14:00Z,HOPB.SS.20180514,HOPB.SS.20180514,,,20200224T171411Z
da8a90f5-2c92-473e-8f26-1e8ee4e23665,D01,HOPB,HOPB.AOS.S2,2018-05-22T14:33Z,HOPB.SS.20180522,HOPB.SS.20180522,,,20200224T171411Z
6203bdaa-d981-48a0-ad06-961c2ca435f8,D01,HOPB,HOPB.AOS.S2,2018-06-04T14:50Z,HOPB.SS.20180604,HOPB.SS.20180604,,,20200224T171141Z
0b3acb09-fad9-48cb-a99b-e19473966ee3,D01,HOPB,HOPB.AOS.S2,2018-06-19T13:44Z,HOPB.SS.20180619,HOPB.SS.20180619,,,20200224T171141Z
52abfa00-94f3-4071-ad44-6ad279834d7c,D01,HOPB,HOPB.AOS.S2,2018-07-11T14:20Z,HOPB.SS.20180711,HOPB.SS.20180711,,,20200224T172204Z
ace20807-3582-4f57-a6c1-5765fbbd7376,D01,HOPB,HOPB.AOS.S2,2018-07-17T15:16Z,HOPB.SS.20180717,HOPB.SS.20180717,,,20200224T172204Z
a81101a3-0060-4dcc-926c-62da14c77a5b,D01,HOPB,HOPB.AOS.S2,2018-08-14T12:57Z,HOPB.SS.20180814,HOPB.SS.20180814,,,20200224T164546Z
2eeee261-fb05-4de5-b71e-1140e194f408,D01,HOPB,HOPB.AOS.S2,2018-09-06T13:08Z,HOPB.SS.20180906,HOPB.SS.20180906,,,20200224T164514Z
fab79ea0-4570-4dcc-af78-c0e0801a1b90,D01,HOPB,HOPB.AOS.S2,2018-09-25T13:00Z,HOPB.SS.20180925,HOPB.SS.20180925,,,20200224T164514Z
a976d5f7-c09a-4ca9-bee7-3f3aa7c44b06,D01,HOPB,HOPB.AOS.S2,2018-10-09T15:06Z,HOPB.SS.20181009,HOPB.SS.20181009,,,20200224T164112Z
4362f5f2-f5c6-4b89-a2de-0bc6b5330fea,D01,HOPB,HOPB.AOS.S2,2018-11-06T14:26Z,HOPB.SS.20181106,HOPB.SS.20181106,,,20200224T163937Z
05b2eb9d-62b6-4b83-b308-ecd0c1e7891c,D01,HOPB,HOPB.AOS.S2,2018-11-13T15:44Z,HOPB.SS.20181113,HOPB.SS.20181113,,,20200224T163937Z
6ab20a12-576d-46c8-b779-1ecf0dff81ff,D01,HOPB,HOPB.AOS.S2,2018-12-04T14:57Z,HOPB.SS.20181204,HOPB.SS.20181204,,,20200224T164708Z
d403f7a7-7a37-4907-9690-b677442294af,D01,HOPB,HOPB.AOS.S2,2018-12-10T14:51Z,HOPB.SS.20181210,HOPB.SS.20181210,,,20200224T164708Z
29880f62-0898-4315-bbdd-d76d5bd528c3,D01,HOPB,HOPB.AOS.S2,2019-01-24T14:58Z,HOPB.SS.20190124,HOPB.SS.20190124,,,20200224T172047Z
175adbf8-beae-49fe-a56e-bcafd5ae7f60,D01,HOPB,HOPB.AOS.S2,2019-01-29T15:35Z,HOPB.SS.20190129,HOPB.SS.20190129,,,20200224T172047Z
98d4e8c6-cad6-45c3-95d6-eaee6fe3afa7,D01,HOPB,HOPB.AOS.S2,2019-02-14T14:15Z,HOPB.SS.20190214,HOPB.SS.20190214,,,20200224T171813Z
0ecbf83a-5353-40c9-a614-36d13bd05a87,D01,HOPB,HOPB.AOS.S2,2019-02-26T14:36Z,HOPB.SS.20190226,HOPB.SS.20190226,,,20200224T171813Z
1de8a341-e7cc-4011-b88f-618abe4f187d,D01,HOPB,HOPB.AOS.S2,2019-03-06T14:52Z,HOPB.SS.20190306,HOPB.SS.20190306,,,20200224T171619Z
35f9e9cc-1871-41b7-a745-df3926038b09,D01,HOPB,HOPB.AOS.S2,2019-03-12T14:12Z,HOPB.SS.20190312,HOPB.SS.20190312,,,20200224T171619Z
6d5cd558-7aa3-4afd-9f9f-461ec376f13e,D01,HOPB,HOPB.AOS.S2,2019-03-21T14:35Z,HOPB.SS.20190321,HOPB.SS.20190321,,,20200224T171619Z
fcb6140e-4d61-4359-9b3a-50d7a0b7c114,D01,HOPB,HOPB.AOS.S2,2019-03-28T13:54Z,HOPB.SS.20190328,HOPB.SS.20190328,,,20200224T171619Z
a4d48181-c614-4e59-a187-52c86f421739,D01,HOPB,HOPB.AOS.S2,2019-04-04T13:06Z,HOPB.SS.20190404,HOPB.SS.20190404,,,20200224T171407Z
be57120c-7b4e-4936-af9a-f6efbcc6c4de,D01,HOPB,HOPB.AOS.S2,2019-04-09T14:44Z,HOPB.SS.20190409,HOPB.SS.20190409,,,20200224T171407Z
69d21ab4-4b79-4ee6-8359-8c75f39c9d53,D01,HOPB,HOPB.AOS.S2,2019-04-25T13:30Z,HOPB.SS.20190425,HOPB.SS.20190425,,,20200224T171407Z
16836d5a-ce61-4c68-b8aa-9064c063bfd7,D01,HOPB,HOPB.AOS.S2,2019-05-13T13:35Z,HOPB.SS.20190513,HOPB.SS.20190513,,,20200224T171144Z
6649c4eb-6652-42ee-b310-6462ab8a4daa,D01,HOPB,HOPB.AOS.S2,2019-05-21T12:36Z,HOPB.SS.20190521,HOPB.SS.20190521,,,20200224T171144Z
7832f868-724b-4d87-a12b-4deddefb7064,D01,HOPB,HOPB.AOS.S2,2019-06-03T14:01Z,HOPB.SS.20190603,HOPB.SS.20190603.2,,,20200224T172207Z
b11422c8-b861-4cc1-b1b0-afd0ed4d6376,D01,HOPB,HOPB.AOS.S2,2019-06-03T14:01Z,HOPB.SS.20190603,HOPB.SS.20190603,,,20200224T172207Z
8ddba855-5f19-4966-9d05-58329c9a8943,D01,HOPB,HOPB.AOS.S2,2019-06-03T14:01Z,HOPB.SS.20190603,HOPB.SS.20190603.3,,,20200224T172207Z
468e9225-c4bc-4efd-b0ad-738ed5884c36,D01,HOPB,HOPB.AOS.S2,2019-06-24T13:20Z,HOPB.SS.20190624,HOPB.SS.20190624,,,20200224T172207Z
847671bf-a593-4d1c-bf7f-ee9d6c26c4db,D01,HOPB,HOPB.AOS.S2,2019-07-11T12:34Z,HOPB.SS.20190711,HOPB.SS.20190711,,,20200224T164549Z
48fb81e0-1a55-43b6-88c7-963030ba5356,D01,HOPB,HOPB.AOS.S2,2019-07-17T12:35Z,HOPB.SS.20190717,HOPB.SS.20190717,,,20200224T164549Z
379b2173-014a-4947-af03-ac4dcb4c73e3,D01,HOPB,HOPB.AOS.S2,2019-08-13T13:54Z,HOPB.SS.20190813,HOPB.SS.20190813,,,20200224T164503Z
9f8ae893-f10c-4a80-8aea-5d96166e0a20,D01,HOPB,HOPB.AOS.S2,2019-09-09T15:26Z,HOPB.SS.20190909,HOPB.SS.20190909,,,20200224T164106Z
e22f10ae-8e06-470d-b472-dee959ef45d1,D01,HOPB,HOPB.AOS.S2,2019-09-24T13:45Z,HOPB.SS.20190924,HOPB.SS.20190924,,,20200224T164106Z
5f2af253-5e6a-4959-8dcf-4927a0500c06,D01,HOPB,HOPB.AOS.S2,2019-10-09T14:29Z,HOPB.SS.20191009,HOPB.SS.20191009,,,20200309T145534Z
da6fd5ba-76fa-477c-a04f-5fa5ce7b7885,D01,HOPB,HOPB.AOS.S2,2019-11-05T15:17Z,HOPB.SS.20191105,HOPB.SS.20191105,,,20200406T154653Z
b16062bb-1866-4c63-8f1b-272bc8b22614,D01,HOPB,HOPB.AOS.S2,2019-11-13T15:40Z,HOPB.SS.20191113,HOPB.SS.20191113,,,20200406T154653Z
ea68a971-d3a5-4616-92d0-66e2bfc7c144,D01,HOPB,HOPB.AOS.S2,2019-12-04T15:06Z,HOPB.SS.20191204,HOPB.SS.20191204,,,20200504T144603Z
10718270-9174-4ba7-a1b4-a6ecbae265d7,D01,HOPB,HOPB.AOS.S2,2019-12-04T15:19Z,HOPB.SS.20191204,HOPB.SS.20191204.2,,,20200504T144603Z
b7a1d4c8-d4e1-49bc-a1c6-5c911dd6e909,D01,HOPB,HOPB.AOS.S2,2019-12-04T15:34Z,HOPB.SS.20191204,HOPB.SS.20191204.3,,,20200504T144603Z
996b24a7-7f04-4192-91fb-65bdf82dd68d,D01,HOPB,HOPB.AOS.S2,2019-12-09T14:14Z,HOPB.SS.20191209,HOPB.SS.20191209,,,20200504T144603Z
564b93e9-e8ea-47fa-baf5-46d6e1c27b2f,D01,HOPB,HOPB.AOS.S2,2020-01-21T15:54Z,HOPB.SS.20200121,HOPB.SS.20200121,,,20200601T135210Z
9ff5e705-af5b-4db2-b2c3-3027478ae0f3,D01,HOPB,HOPB.AOS.S2,2020-01-27T16:30Z,HOPB.SS.20200127,HOPB.SS.20200127,,,20200601T135210Z
858cadf3-c691-45a3-82b6-e6cdb3377a92,D01,HOPB,HOPB.AOS.S2,2020-02-12T15:45Z,HOPB.SS.20200212,HOPB.SS.20200212,,,20200406T152333Z
c97e2c11-2404-41b1-9ae6-2d524f42cb44,D01,HOPB,HOPB.AOS.S2,2020-02-25T15:45Z,HOPB.SS.20200225,HOPB.SS.20200225,,,20200406T152333Z
e7a97641-8c6d-4182-a6ea-d2b03c3c8976,D01,HOPB,HOPB.AOS.S2,2020-03-04T14:21Z,HOPB.SS.20200304,HOPB.SS.20200304,,,20200504T162953Z
930d22f8-542b-4a90-81ec-0da36590e79a,D01,HOPB,HOPB.AOS.S2,2020-03-18T16:13Z,HOPB.SS.20200318,HOPB.SS.20200318,,,20200504T162953Z
6d7acdf7-78e5-487e-b153-d6f4bc61db30,D03,FLNT,FLNT.AOS.buoy.c0,2017-03-07T18:00Z,FLNT.C0.20170307,FLNT.C0.20170307,,,20200224T170056Z
5ec91077-c06a-4bd5-b876-82487e49fc99,D03,FLNT,FLNT.AOS.buoy.c0,2017-03-14T14:50Z,FLNT.C0.20170314,FLNT.C0.20170314,,,20200224T170056Z
281a7029-f96f-4ebd-87cf-7eb2f90d6f13,D03,FLNT,FLNT.AOS.buoy.c0,2017-03-29T14:03Z,FLNT.C0.20170329,FLNT.C0.20170329,,,20200224T170056Z
b78541ea-dcdb-457e-b55b-a01227194d30,D03,FLNT,FLNT.AOS.buoy.c0,2017-04-11T14:35Z,FLNT.C0.20170411,FLNT.C0.20170411,,,20200224T170120Z
07bcd0a6-d193-4a0a-bb00-add03f6da33b,D03,FLNT,FLNT.AOS.buoy.c0,2017-04-18T14:15Z,FLNT.C0.20170418,FLNT.C0.20170418,,,20200224T170120Z
a2caa07d-737e-4116-856e-8100f9b2e5b3,D03,FLNT,FLNT.AOS.buoy.c0,2017-04-25T14:04Z,FLNT.C0.20170425,FLNT.C0.20170425,,,20200224T170120Z
c57326dd-c318-441d-99b5-a9c77c9f4268,D03,FLNT,FLNT.AOS.buoy.c0,2017-05-09T11:07Z,FLNT.C0.20170509,FLNT.C0.20170509,,,20200224T171031Z
f1fd8348-c08a-4ff2-a2a1-64073c3ce12a,D03,FLNT,FLNT.AOS.buoy.c0,2017-05-16T10:30Z,FLNT.C0.20170516,FLNT.C0.20170516,,,20200224T171031Z
c227bbc9-c378-485e-9bf9-bd58850813f0,D03,FLNT,FLNT.AOS.buoy.c0,2017-06-13T13:50Z,FLNT.C0.20170613,FLNT.C0.20170613,,,20200224T171113Z
8d745c4e-c71b-4f77-beb4-2c853e19c580,D03,FLNT,FLNT.AOS.buoy.c0,2017-06-20T14:25Z,FLNT.C0.20170620,FLNT.C0.20170620,,,20200224T171113Z
fc7524f0-13cc-4747-8638-b8508e929ead,D03,FLNT,FLNT.AOS.buoy.c0,2017-08-16T14:25Z,FLNT.C0.20170816,FLNT.C0.20170816,,,20200224T172037Z
60298dd7-5b78-4a4e-a8b7-7d2af098aae8,D03,FLNT,FLNT.AOS.buoy.c0,2017-09-14T14:59Z,FLNT.C0.20170914,FLNT.C0.20170914,,,20200224T172113Z
ddfb1b54-1c17-4d10-b9c0-f78722b0e8f3,D03,FLNT,FLNT.AOS.buoy.c0,2017-10-17T15:01Z,FLNT.C0.20171017,FLNT.C0.20171017,,,20200224T172123Z
4b52d75b-f5f7-4569-8f94-7b1f492939ed,D03,FLNT,FLNT.AOS.buoy.c0,2017-11-07T16:19Z,FLNT.C0.20171107,FLNT.C0.20171107,,,20200224T172243Z
64c5a179-3c19-4b49-acdd-ba87e43e104c,D03,FLNT,FLNT.AOS.buoy.c0,2017-11-14T15:23Z,FLNT.C0.20171114,FLNT.C0.20171114,,,20200224T172243Z
7b219702-a957-440d-9193-2548e08978d4,D03,FLNT,FLNT.AOS.buoy.c0,2017-12-28T14:48Z,FLNT.C0.20171228,FLNT.C0.20171228,,,20200224T173831Z
63ecf348-3bc1-4611-9245-51f3f5bbcbb0,D03,FLNT,FLNT.AOS.buoy.c0,2018-01-16T16:30Z,FLNT.C0.20180116,FLNT.C0.20180116,,,20200224T170038Z
49316006-2301-4c8c-97ca-7cbd885f1c8a,D03,FLNT,FLNT.AOS.buoy.c0,2018-01-23T16:30Z,FLNT.C0.20180123,FLNT.C0.20180123,,,20200224T170038Z
4170b02d-690a-485d-b17f-9c0767cd83b9,D03,FLNT,FLNT.AOS.buoy.c0,2018-01-30T15:20Z,FLNT.C0.20180130,FLNT.C0.20180130,,,20200224T170038Z
05aa4e3b-7680-4f42-bf1a-888a1c1d86a6,D03,FLNT,FLNT.AOS.buoy.c0,2018-02-14T16:30Z,FLNT.C0.20180214,FLNT.C0.20180214,,,20200224T170100Z
572285cb-bc80-4a1d-8ea1-2bd136f4c0ae,D03,FLNT,FLNT.AOS.buoy.c0,2018-02-20T14:32Z,FLNT.C0.20180220,FLNT.C0.20180220,,,20200224T170100Z
ecb63b36-94d9-4119-8193-0dee9f7b21f1,D03,FLNT,FLNT.AOS.buoy.c0,2018-02-27T18:41Z,FLNT.C0.20180227,FLNT.C0.20180227,,,20200224T170100Z
2a378b82-940b-4a34-99ac-05a232f6e28c,D03,FLNT,FLNT.AOS.buoy.c0,2018-03-13T14:47Z,FLNT.C0.20180313,FLNT.C0.20180313,,,20200224T170127Z
e97bde0b-ec38-48d3-a922-6a663ea768d9,D03,FLNT,FLNT.AOS.buoy.c0,2018-03-20T14:21Z,FLNT.C0.20180320,FLNT.C0.20180320,,,20200224T170127Z
8f8d5397-ead3-4853-b0c1-9116c112bc96,D03,FLNT,FLNT.AOS.buoy.c0,2018-03-27T14:11Z,FLNT.C0.20180327,FLNT.C0.20180327,,,20200224T170127Z
dd3c1e8b-b8fd-422d-80b3-7fdb19f85cb5,D03,FLNT,FLNT.AOS.buoy.c0,2018-04-11T14:30Z,FLNT.C0.20180411,FLNT.C0.20180411,,,20200224T171036Z
212a0824-55de-468b-bf58-349c08d8e418,D03,FLNT,FLNT.AOS.buoy.c0,2018-04-17T14:06Z,FLNT.C0.20180417,FLNT.C0.20180417,,,20200224T171036Z
c50ce165-b196-495d-9960-f4329cb8b3f9,D03,FLNT,FLNT.AOS.buoy.c0,2018-04-25T14:54Z,FLNT.C0.20180425,FLNT.C0.20180425,,,20200224T171036Z
6f8e55bf-301d-44f8-845e-7f85ea4e68e0,D03,FLNT,FLNT.AOS.buoy.c0,2018-05-15T15:14Z,FLNT.C0.20180515,FLNT.C0.20180515,,,20200224T171104Z
bb8eadb6-31ee-40ad-af69-9dd86219c2f8,D03,FLNT,FLNT.AOS.buoy.c0,2018-05-22T14:36Z,FLNT.C0.20180522,FLNT.C0.20180522,,,20200224T171104Z
3ad20bb4-e88c-4c05-9c9c-7de073d358d2,D03,FLNT,FLNT.AOS.buoy.c0,2018-06-19T15:53Z,FLNT.C0.20180619,FLNT.C0.20180619,,,20200224T171136Z
014c6bd3-2051-4307-bc44-73f2b1c9e3d0,D03,FLNT,FLNT.AOS.buoy.c0,2018-06-26T17:19Z,FLNT.C0.20180626,FLNT.C0.20180626,,,20200224T171136Z
5f1f757e-c944-4a96-80b2-eae836048a50,D03,FLNT,FLNT.AOS.buoy.c0,2018-07-24T13:37Z,FLNT.C0.20180724,FLNT.C0.20180724,,,20200224T172041Z
ecfc9ef6-c04e-4764-813e-a612d1dac975,D03,FLNT,FLNT.AOS.buoy.c0,2018-08-08T17:45Z,FLNT.C0.20180808,FLNT.C0.20180808,,,20200224T172104Z
2675fa55-815d-478d-8d84-5a8e6fd601ec,D03,FLNT,FLNT.AOS.buoy.c0,2018-08-29T15:06Z,FLNT.C0.20180829,FLNT.C0.20180829,,,20200224T172104Z
c4724c61-5a69-4bf9-8c8e-0c390e1c57b8,D03,FLNT,FLNT.AOS.buoy.c0,2018-09-19T13:34Z,FLNT.C0.20180919,FLNT.C0.20180919,,,20200224T172127Z
64d7c0c8-20b6-4356-a3f7-f2c877052519,D03,FLNT,FLNT.AOS.buoy.c0,2018-09-25T17:07Z,FLNT.C0.20180925,FLNT.C0.20180925,,,20200224T172127Z
b88e7e56-549b-4328-ae03-e30b38993ddf,D03,FLNT,FLNT.AOS.buoy.c0,2018-10-23T15:32Z,FLNT.C0.20181023,FLNT.C0.20181023,,,20200224T172234Z
bd889ea2-c8a4-4102-adc4-7ba6a497aefb,D03,FLNT,FLNT.AOS.buoy.c0,2018-11-13T18:18Z,FLNT.C0.20181113,FLNT.C0.20181113,,,20200224T173827Z
3b000bbb-c13a-4d22-a8fe-44036f7f4444,D03,FLNT,FLNT.AOS.buoy.c0,2018-11-27T15:30Z,FLNT.C0.20181127,FLNT.C0.20181127,,,20200224T173827Z
3ba8247f-0fda-429b-8315-067c16a62ad7,D03,FLNT,FLNT.AOS.buoy.c0,2019-01-22T20:16Z,FLNT.C0.20190122,FLNT.C0.20190122,,,20200224T170052Z
a8fcb99a-ec66-4c93-b020-dd8f6858db4f,D03,FLNT,FLNT.AOS.buoy.c0,2019-02-05T18:29Z,FLNT.C0.20190205,FLNT.C0.20190205,,,20200224T170133Z
3ac6b697-48d4-48d6-bcca-3dbf78bd84b8,D03,FLNT,FLNT.AOS.buoy.c0,2019-02-12T18:16Z,FLNT.C0.20190212,FLNT.C0.20190212,,,20200224T170133Z
405c8fce-0cf7-465d-9cb3-c53e46096325,D03,FLNT,FLNT.AOS.buoy.c0,2019-02-26T14:30Z,FLNT.C0.20190226,FLNT.C0.20190226,,,20200224T170133Z
43e49d34-238b-47ba-8ddf-78a55a9bc6cd,D03,FLNT,FLNT.AOS.buoy.c0,2019-03-05T17:58Z,FLNT.C0.20190305,FLNT.C0.20190305,,,20200224T171028Z
6c138cdd-3ea4-48d1-9993-c23d32ee6196,D03,FLNT,FLNT.AOS.buoy.c0,2019-03-12T16:24Z,FLNT.C0.20190312,FLNT.C0.20190312,,,20200224T171028Z
f70c293d-0c50-4875-a4d0-1a76d44c2893,D03,FLNT,FLNT.AOS.buoy.c0,2019-03-20T14:45Z,FLNT.C0.20190320,FLNT.C0.20190320,,,20200224T171028Z
ce2fe7bb-a00c-487a-90ca-f27da310f1bd,D03,FLNT,FLNT.AOS.buoy.c0,2019-03-20T14:45Z,FLNT.C0.20190320,FLNT.C0.20190320.2,,,20200224T171028Z
3e0906a2-bebc-49bd-add8-5684b9a5e7cb,D03,FLNT,FLNT.AOS.buoy.c0,2019-03-26T13:32Z,FLNT.C0.20190326,FLNT.C0.20190326,,,20200224T171028Z
8dd87100-4d88-4cce-b244-44b7b22be69c,D03,FLNT,FLNT.AOS.buoy.c0,2019-04-02T14:06Z,FLNT.C0.20190402,FLNT.C0.20190402,,,20200224T171110Z
2ac81b87-1a0d-480b-8e38-5bc73b9495cc,D03,FLNT,FLNT.AOS.buoy.c0,2019-04-10T14:45Z,FLNT.C0.20190410,FLNT.C0.20190410,,,20200224T171110Z
8e2ac9bc-d325-4f2e-8aea-fc0d973d274a,D03,FLNT,FLNT.AOS.buoy.c0,2019-04-16T15:07Z,FLNT.C0.20190416,FLNT.C0.20190416,,,20200224T171110Z
61a69bd9-bd26-4e6b-8ed0-b2b00c987f2b,D03,FLNT,FLNT.AOS.buoy.c0,2019-04-23T14:25Z,FLNT.C0.20190423,FLNT.C0.20190423,,,20200224T171110Z
030b92d2-0064-462f-8cac-b0f0ccded19c,D03,FLNT,FLNT.AOS.buoy.c0,2019-04-30T13:02Z,FLNT.C0.20190430,FLNT.C0.20190430,,,20200224T171110Z
226c2c3f-9acf-41b6-81c4-3162ecf31500,D03,FLNT,FLNT.AOS.buoy.c0,2019-05-15T15:46Z,FLNT.C0.20190515,FLNT.C0.20190515,,,20200224T171139Z
c49134de-08d8-4af6-a14a-946ab5cccfe2,D03,FLNT,FLNT.AOS.buoy.c0,2019-05-15T15:46Z,FLNT.C0.20190515,FLNT.C0.20190515.2,,,20200224T171139Z
981303b2-1a99-4325-b3ea-11de5e2b0da6,D03,FLNT,FLNT.AOS.buoy.c0,2019-06-04T13:13Z,FLNT.C0.20190604,FLNT.C0.20190604,,,20200224T172045Z
eeb09f5c-70f2-4715-a66f-aacc0401e148,D03,FLNT,FLNT.AOS.buoy.c0,2019-06-18T14:47Z,FLNT.C0.20190618,FLNT.C0.20190618,,,20200224T172045Z
7d7a17f4-9683-43a9-949b-b23fd1edd7d1,D03,FLNT,FLNT.AOS.buoy.c0,2019-07-10T15:31Z,FLNT.C0.20190710,FLNT.C0.20190710,,,20200224T172108Z
188517ac-b0e6-4518-a152-9aea3775a9c2,D03,FLNT,FLNT.AOS.buoy.c0,2019-08-05T16:34Z,FLNT.C0.20190805,FLNT.C0.20190805,,,20200224T172131Z
1d1b5519-3acc-4d78-9a6b-4067f3cc230f,D03,FLNT,FLNT.AOS.buoy.c0,2019-08-13T15:26Z,FLNT.C0.20190813,FLNT.C0.20190813,,,20200224T172131Z
fa74b2fc-2c21-447e-be7f-c25762302183,D03,FLNT,FLNT.AOS.buoy.c0,2019-09-17T15:50Z,FLNT.C0.20190917,FLNT.C0.20190917,,,20200224T172238Z
051d4c56-dd9f-4391-a9d2-c1ae570d0f4d,D03,FLNT,FLNT.AOS.buoy.c0,2019-09-24T15:40Z,FLNT.C0.20190924,FLNT.C0.20190924,,,20200224T172238Z
f5d6a23c-6dca-4e01-8541-0bc600c0d750,D03,FLNT,FLNT.AOS.buoy.c0,2019-10-08T16:45Z,FLNT.C0.20191008,FLNT.C0.20191008,,,20200309T161258Z
3b03814f-f51c-430f-a188-299e8eb3dd01,D03,FLNT,FLNT.AOS.buoy.c0,2019-11-12T18:45Z,FLNT.C0.20191112,FLNT.C0.20191112,,,20200406T154215Z
0ffd84b2-4ebb-4aa2-8685-aa574e98f98d,D03,FLNT,FLNT.AOS.buoy.c0,2019-11-19T15:03Z,FLNT.C0.20191119,FLNT.C0.20191119,,,20200406T154215Z
4469f319-f08d-40b7-896c-cfcda342bd7f,D03,FLNT,FLNT.AOS.buoy.c0,2019-12-10T16:44Z,FLNT.C0.20191210,FLNT.C0.20191210,,,20200504T153759Z
eaae33eb-5892-4552-b713-b72d2c3b77bb,D03,FLNT,FLNT.AOS.buoy.c0,2019-12-17T12:56Z,FLNT.C0.20191217,FLNT.C0.20191217,,,20200504T153759Z
80ef23a2-b1cb-43c2-bac1-1b135e1390eb,D03,FLNT,FLNT.AOS.buoy.c0,2020-01-07T15:30Z,FLNT.C0.20200107,FLNT.C0.20200107,,,20200601T141019Z
cb63f885-1ec1-4a1b-aa3e-54878911186d,D03,FLNT,FLNT.AOS.buoy.c0,2020-02-04T13:20Z,FLNT.C0.20200204,FLNT.C0.20200204,,,20200406T161254Z
39d2fe40-acf0-448e-ba29-1b5977b62528,D03,FLNT,FLNT.AOS.buoy.c0,2020-03-19T16:14Z,FLNT.C0.20200319,FLNT.C0.20200319.2,,,20200504T172102Z
0ebeaecf-360e-4aca-bac8-4d18cefe25d0,D03,FLNT,FLNT.AOS.buoy.c0,2020-03-19T16:14Z,FLNT.C0.20200319,FLNT.C0.20200319.3,,,20200504T172102Z
18e25b1a-97a6-4da8-b103-f628cd0411c9,D03,FLNT,FLNT.AOS.buoy.c0,2020-03-19T16:14Z,FLNT.C0.20200319,FLNT.C0.20200319,,,20200504T172102Z
0ffad7c9-7e32-485d-be3b-0084ab23a165,D04,GUIL,GUIL.AOS.S2,2016-05-24T12:19Z,GUIL.SS.20160524,GUIL.SS.20160524,,,20200224T161809Z
71b8e0d8-d553-434f-98f7-6b5b96b02593,D04,GUIL,GUIL.AOS.S2,2016-05-31T12:22Z,GUIL.SS.20160531,GUIL.SS.20160531,,,20200224T161809Z
af358dc3-86f9-45d4-a44e-14b19fbf595a,D04,GUIL,GUIL.AOS.S2,2016-06-07T12:21Z,GUIL.SS.20160607,GUIL.SS.20160607,,,20200224T175622Z
4228c951-7c75-4a47-bdde-cdf666fe203f,D04,GUIL,GUIL.AOS.S2,2016-06-14T12:08Z,GUIL.SS.20160614,GUIL.SS.20160614,,,20200224T175622Z
31eabf38-a338-473a-8953-2475c90007c8,D04,GUIL,GUIL.AOS.S2,2016-06-21T12:36Z,GUIL.SS.20160621,GUIL.SS.20160621,,,20200224T175622Z
25cce397-b212-429b-a18f-93b620c65bf9,D04,GUIL,GUIL.AOS.S2,2016-07-19T12:14Z,GUIL.SS.20160719,GUIL.SS.20160719,,,20200224T175307Z
e156f5c5-4201-44b9-9dd9-5056b2cf4add,D04,GUIL,GUIL.AOS.S2,2016-07-26T12:18Z,GUIL.SS.20160726,GUIL.SS.20160726,,,20200224T175307Z
c7f9ffa5-3634-4f03-b479-b4d63046591e,D04,GUIL,GUIL.AOS.S2,2016-08-09T12:23Z,GUIL.SS.20160809,GUIL.SS.20160809,,,20200224T161920Z
f8acc1d3-b654-4fc4-9e83-06558316405e,D04,GUIL,GUIL.AOS.S2,2016-08-23T12:32Z,GUIL.SS.20160823,GUIL.SS.20160823,,,20200224T161920Z
efc0a632-e350-487c-9c0c-c15e97ecc7f8,D04,GUIL,GUIL.AOS.S2,2016-09-06T12:40Z,GUIL.SS.20160906,GUIL.SS.20160906,,,20200224T161903Z
2bcf78e7-7f4f-41c0-ad2a-ee4566e7426a,D04,GUIL,GUIL.AOS.S2,2016-09-13T12:40Z,GUIL.SS.20160913,GUIL.SS.20160913,,,20200224T161903Z
299609a5-2342-4bab-b2e3-dcbd0196412c,D04,GUIL,GUIL.AOS.S2,2016-09-22T12:39Z,GUIL.SS.20160922,GUIL.SS.20160922,,,20200224T161903Z
aa19e9a8-a340-47c0-b73d-30faf27b3a7a,D04,GUIL,GUIL.AOS.S2,2016-09-27T12:19Z,GUIL.SS.20160927,GUIL.SS.20160927,,,20200224T161903Z
208d2613-cc22-4229-a25b-cdc6b3edadad,D04,GUIL,GUIL.AOS.S2,2016-10-11T12:30Z,GUIL.SS.20161011,GUIL.SS.20161011,,,20200224T161852Z
bdd54b32-427a-4150-b00b-67599b2ff28b,D04,GUIL,GUIL.AOS.S2,2016-10-19T12:43Z,GUIL.SS.20161019,GUIL.SS.20161019,,,20200224T161852Z
d0b2adf2-8773-42ee-a481-309209225202,D04,GUIL,GUIL.AOS.S2,2016-10-26T12:26Z,GUIL.SS.20161026,GUIL.SS.20161026,,,20200224T161852Z
393a139f-727b-4d59-abe6-973f64837143,D04,GUIL,GUIL.AOS.S2,2016-11-15T12:37Z,GUIL.SS.20161115,GUIL.SS.20161115,,,20200224T162500Z
c3f87093-27cd-4f6e-b5d6-b90e7d3dcdf6,D04,GUIL,GUIL.AOS.S2,2016-11-29T12:29Z,GUIL.SS.20161129,GUIL.SS.20161129,,,20200224T162500Z
7e29f539-2d77-431a-be94-60bc3f985a80,D04,GUIL,GUIL.AOS.S2,2016-12-13T12:31Z,GUIL.SS.20161213,GUIL.SS.20161213,,,20200224T162256Z
04811787-b85f-44cf-aef6-26312ca6cf8b,D04,GUIL,GUIL.AOS.S2,2017-01-24T12:35Z,GUIL.SS.20170124,GUIL.SS.20170124,,,20200224T175149Z
25ad10e2-a019-4dc1-9868-1276d94398c3,D04,GUIL,GUIL.AOS.S2,2017-02-14T11:54Z,GUIL.SS.20170214,GUIL.SS.20170214,,,20200224T175122Z
b24c7b38-a059-4483-a167-b6f418fe97f4,D04,GUIL,GUIL.AOS.S2,2017-02-28T12:25Z,GUIL.SS.20170228,GUIL.SS.20170228,,,20200224T175122Z
dd510475-5058-4a15-a476-3d59533e05f9,D04,GUIL,GUIL.AOS.S2,2017-03-28T12:05Z,GUIL.SS.20170328,GUIL.SS.20170328,,,20200224T161837Z
f45efba7-1ca8-46b2-950f-71eb826ac754,D04,GUIL,GUIL.AOS.S2,2017-04-06T13:15Z,GUIL.SS.20170406,GUIL.SS.20170406,,,20200224T162015Z
c2308dc7-08dc-4687-80af-a6c262fa852d,D04,GUIL,GUIL.AOS.S2,2017-04-25T12:30Z,GUIL.SS.20170425,GUIL.SS.20170425,,,20200224T162015Z
3103e799-e4fd-4bb1-a4e0-69a51846f9a7,D04,GUIL,GUIL.AOS.S2,2017-05-04T12:17Z,GUIL.SS.20170504,GUIL.SS.20170504,,,20200224T175610Z
949644a6-4218-49b2-9f7f-f58d388bb074,D04,GUIL,GUIL.AOS.S2,2017-05-24T11:57Z,GUIL.SS.20170524,GUIL.SS.20170524,,,20200224T175610Z
7c03702b-6282-48f9-b2db-e9dbbe4e0177,D04,GUIL,GUIL.AOS.S2,2017-05-30T11:12Z,GUIL.SS.20170530,GUIL.SS.20170530,,,20200224T175610Z
8d29c083-5a28-47b5-8363-003a9ba072ce,D04,GUIL,GUIL.AOS.S2,2017-06-12T13:03Z,GUIL.SS.20170612,GUIL.SS.20170612,,,20200224T175303Z
9c5b9c97-da1d-4ff6-9686-5c4774f28664,D04,GUIL,GUIL.AOS.S2,2017-06-27T11:57Z,GUIL.SS.20170627,GUIL.SS.20170627,,,20200224T175303Z
c763f0f3-a60e-4046-ad80-753137dc15bd,D04,GUIL,GUIL.AOS.S2,2017-07-19T11:39Z,GUIL.SS.20170719,GUIL.SS.20170719,,,20200224T161850Z
304940cd-4fdd-4954-945c-9a0e0b6a445a,D04,GUIL,GUIL.AOS.S2,2017-07-24T13:04Z,GUIL.SS.20170724,GUIL.SS.20170724,,,20200224T161850Z
455cd6ea-eb51-45da-8bdb-499953becd1f,D04,GUIL,GUIL.AOS.S2,2017-08-22T12:27Z,GUIL.SS.20170822,GUIL.SS.20170822,,,20200224T161830Z
12cb2adc-e437-417b-a790-e156295eda93,D04,GUIL,GUIL.AOS.S2,2017-08-29T12:23Z,GUIL.SS.20170829,GUIL.SS.20170829,,,20200224T161830Z
332df224-78f9-46d9-88c2-1400d7a1b30f,D04,GUIL,GUIL.AOS.S2,2017-09-14T11:22Z,GUIL.SS.20170914,GUIL.SS.20170914,,,20200224T161856Z
e4f0845a-6943-49a5-b5ce-c55d8c19db16,D04,GUIL,GUIL.AOS.S2,2017-09-18T12:55Z,GUIL.SS.20170918,GUIL.SS.20170918,,,20200224T161856Z
acc26689-e275-4508-9c87-e6c186ce57bc,D04,GUIL,GUIL.AOS.S2,2017-11-13T12:25Z,GUIL.SS.20171113,GUIL.SS.20171113,,,20200224T162448Z
55e2da7e-8928-4f71-9bc7-0bc27ee326b2,D04,GUIL,GUIL.AOS.S2,2017-11-21T12:05Z,GUIL.SS.20171121,GUIL.SS.20171121,,,20200224T162448Z
9c7b08bf-73ef-4a6d-bb42-4b2d6980da17,D04,GUIL,GUIL.AOS.S2,2017-11-28T12:10Z,GUIL.SS.20171128,GUIL.SS.20171128,,,20200224T162448Z
6763c026-5ff1-4ed7-8d20-ffe81b8d8cf7,D04,GUIL,GUIL.AOS.S2,2017-12-12T13:08Z,GUIL.SS.20171212,GUIL.SS.20171212,,,20200224T162227Z
ea1adf5c-b8cb-4046-b46a-2501ae032b35,D04,GUIL,GUIL.AOS.S2,2018-01-23T12:15Z,GUIL.SS.20180123,GUIL.SS.20180123,,,20200224T175128Z
0bd55a03-798b-44e3-9522-24c5529cd5af,D04,GUIL,GUIL.AOS.S2,2018-02-14T13:07Z,GUIL.SS.20180214,GUIL.SS.20180214,,,20200224T161805Z
ed1e1cb6-0cbf-45fd-bff7-2e4313e4f5b4,D04,GUIL,GUIL.AOS.S2,2018-02-27T13:16Z,GUIL.SS.20180227,GUIL.SS.20180227,,,20200224T161805Z
d757cc2f-6963-4521-b87f-3c24a4c80729,D04,GUIL,GUIL.AOS.S2,2018-03-27T12:17Z,GUIL.SS.20180327,GUIL.SS.20180327,,,20200224T161805Z
c456ae57-fd0c-42a7-8cc6-e652a5ac6efc,D04,GUIL,GUIL.AOS.S2,2018-04-09T12:02Z,GUIL.SS.20180409,GUIL.SS.20180409,,,20200224T175614Z
5edf1cda-a7cf-4029-800d-651c9f102955,D04,GUIL,GUIL.AOS.S2,2018-04-24T12:18Z,GUIL.SS.20180424,GUIL.SS.20180424,,,20200224T175614Z
8b182324-5347-4960-82b2-4bb09b9b9c80,D04,GUIL,GUIL.AOS.S2,2018-05-02T12:24Z,GUIL.SS.20180502,GUIL.SS.20180502,,,20200224T175256Z
29d5fb2f-d880-4bf0-b410-1004933aae93,D04,GUIL,GUIL.AOS.S2,2018-05-23T13:09Z,GUIL.SS.20180523,GUIL.SS.20180523,,,20200224T175256Z
73f1475d-bb87-4ccb-ba9d-f7af63cbfed6,D04,GUIL,GUIL.AOS.S2,2018-05-29T12:10Z,GUIL.SS.20180529,GUIL.SS.20180529,,,20200224T175256Z
5b32ccbb-7044-49be-bf1a-263dacff1b8f,D04,GUIL,GUIL.AOS.S2,2018-06-12T12:28Z,GUIL.SS.20180612,GUIL.SS.20180612,,,20200224T161846Z
748821be-fa1c-478d-9f25-98f284e7ba26,D04,GUIL,GUIL.AOS.S2,2018-06-26T12:13Z,GUIL.SS.20180626,GUIL.SS.20180626,,,20200224T161846Z
671deffd-5002-448e-9b1e-0432bb3b10de,D04,GUIL,GUIL.AOS.S2,2018-07-18T11:09Z,GUIL.SS.20180718,GUIL.SS.20180718,,,20200224T162037Z
1dda9769-04f0-43ff-9855-77dd9499bc12,D04,GUIL,GUIL.AOS.S2,2018-07-24T11:40Z,GUIL.SS.20180724,GUIL.SS.20180724,,,20200224T162037Z
805c7320-258b-4dde-acd3-876fa512b58e,D04,GUIL,GUIL.AOS.S2,2018-08-23T12:26Z,GUIL.SS.20180823,GUIL.SS.20180823,,,20200224T162030Z
c5935122-0396-4d0d-b458-b83accc37381,D04,GUIL,GUIL.AOS.S2,2018-08-28T12:18Z,GUIL.SS.20180828,GUIL.SS.20180828,,,20200224T162030Z
051b401e-db04-428f-a958-7af00312d354,D04,GUIL,GUIL.AOS.S2,2018-09-05T12:29Z,GUIL.SS.20180905,GUIL.SS.20180905,,,20200224T162308Z
2452e56a-e21e-4690-81cb-744eeb7cb9df,D04,GUIL,GUIL.AOS.S2,2018-09-11T12:35Z,GUIL.SS.20180911,GUIL.SS.20180911,,,20200224T162308Z
9802441e-c6f9-477a-b714-d6ab9acc541d,D04,GUIL,GUIL.AOS.S2,2018-09-17T12:31Z,GUIL.SS.20180917,GUIL.SS.20180917,,,20200224T162308Z
9129a25b-94a4-45ac-a02f-c57a50f18c5f,D04,GUIL,GUIL.AOS.S2,2018-09-25T12:36Z,GUIL.SS.20180925,GUIL.SS.20180925,,,20200224T162308Z
018cf6be-3bf4-4880-ae50-24f25678dbe0,D04,GUIL,GUIL.AOS.S2,2018-10-10T12:13Z,GUIL.SS.20181010,GUIL.SS.20181010,,,20200224T162301Z
5826403f-a0d5-4f4e-8b5d-2fcb5c787178,D04,GUIL,GUIL.AOS.S2,2018-10-24T12:28Z,GUIL.SS.20181024,GUIL.SS.20181024,,,20200224T162301Z
a64c5adc-0546-4af0-8b2c-53c44918a725,D04,GUIL,GUIL.AOS.S2,2018-10-30T13:30Z,GUIL.SS.20181030,GUIL.SS.20181030,,,20200224T162301Z
932e2da1-db0d-437b-a251-de675c282f75,D04,GUIL,GUIL.AOS.S2,2018-11-12T12:05Z,GUIL.SS.20181112,GUIL.SS.20181112,,,20200224T162434Z
ff8e6b88-1a03-45c0-9374-02f8340615c2,D04,GUIL,GUIL.AOS.S2,2018-11-19T12:11Z,GUIL.SS.20181119,GUIL.SS.20181119,,,20200224T162434Z
a5bd82ce-83a6-4564-9d29-36818628ddb6,D04,GUIL,GUIL.AOS.S2,2018-11-27T12:53Z,GUIL.SS.20181127,GUIL.SS.20181127,,,20200224T162434Z
e4a6446c-cf20-4f35-812b-ab3b27a2f2fd,D04,GUIL,GUIL.AOS.S2,2018-12-11T12:17Z,GUIL.SS.20181211,GUIL.SS.20181211,,,20200224T162215Z
d2852eed-e6ac-467f-ba9d-d28825709434,D04,GUIL,GUIL.AOS.S2,2019-01-22T12:48Z,GUIL.SS.20190122,GUIL.SS.20190122,,,20200224T161819Z
9635daae-f0c1-4454-a35d-1e04d279d4df,D04,GUIL,GUIL.AOS.S2,2019-02-13T11:01Z,GUIL.SS.20190213,GUIL.SS.20190213,,,20200224T161751Z
ccbe72c6-370a-486c-a968-c03f0a77c880,D04,GUIL,GUIL.AOS.S2,2019-02-19T12:31Z,GUIL.SS.20190219,GUIL.SS.20190219,,,20200224T161751Z
13b0aeab-0ea4-409a-a0c6-7dff3594e634,D04,GUIL,GUIL.AOS.S2,2019-03-19T12:40Z,GUIL.SS.20190319,GUIL.SS.20190319,,,20200224T175618Z
8d00281f-702a-4636-81a6-f469cf9e380a,D04,GUIL,GUIL.AOS.S2,2019-04-08T12:21Z,GUIL.SS.20190408,GUIL.SS.20190408,,,20200224T175259Z
082caa6e-e351-4b88-b959-61349d201421,D04,GUIL,GUIL.AOS.S2,2019-04-16T12:09Z,GUIL.SS.20190416,GUIL.SS.20190416,,,20200224T175259Z
6806e241-c54e-42d8-9446-d8656dd4a516,D04,GUIL,GUIL.AOS.S2,2019-05-06T12:16Z,GUIL.SS.20190506,GUIL.SS.20190506,,,20200224T162045Z
89958c8a-1986-47d3-92aa-8698cdc246b0,D04,GUIL,GUIL.AOS.S2,2019-05-14T12:10Z,GUIL.SS.20190514,GUIL.SS.20190514,,,20200224T162045Z
7d539881-dce7-4af5-9b11-9b6d4eda16e4,D04,GUIL,GUIL.AOS.S2,2019-05-22T12:33Z,GUIL.SS.20190522,GUIL.SS.20190522,,,20200224T162045Z
d142a927-ba36-41bb-bf71-29a777237de3,D04,GUIL,GUIL.AOS.S2,2019-06-12T12:17Z,GUIL.SS.20190612,GUIL.SS.20190612,,,20200224T161827Z
df69942a-e673-49e6-a106-c7a5df6b3f0c,D04,GUIL,GUIL.AOS.S2,2019-06-12T12:17Z,GUIL.SS.20190612,GUIL.SS.20190612.3,,,20200224T161827Z
4f52a700-78eb-40a5-9cdf-5db8f544123d,D04,GUIL,GUIL.AOS.S2,2019-06-12T12:17Z,GUIL.SS.20190612,GUIL.SS.20190612.2,,,20200224T161827Z
8eb900a4-a31d-481e-9d6e-886b7adf860d,D04,GUIL,GUIL.AOS.S2,2019-06-18T12:29Z,GUIL.SS.20190618,GUIL.SS.20190618,,,20200224T161827Z
a51b69a0-84d0-4cac-8250-5d68d41c10cd,D04,GUIL,GUIL.AOS.S2,2019-07-16T12:23Z,GUIL.SS.20190716,GUIL.SS.20190716,,,20200224T161819Z
fa725a7e-7795-4498-adfa-94df7aa882d8,D04,GUIL,GUIL.AOS.S2,2019-07-22T12:12Z,GUIL.SS.20190722,GUIL.SS.20190722,,,20200224T161819Z
030af449-f034-4b5e-b1cf-648b624f087a,D04,GUIL,GUIL.AOS.S2,2019-08-13T11:13Z,GUIL.SS.20190813,GUIL.SS.20190813,,,20200224T162206Z
77c08adb-4189-4f67-aa1e-760d9e400d1a,D04,GUIL,GUIL.AOS.S2,2019-08-21T12:47Z,GUIL.SS.20190821,GUIL.SS.20190821,,,20200224T162206Z
eb898e87-25a9-491d-849f-c4d58a83e2ff,D04,GUIL,GUIL.AOS.S2,2019-09-05T13:08Z,GUIL.SS.20190905,GUIL.SS.20190905,,,20200224T162157Z
6683e22d-07d7-4a49-a48b-19eb066e58db,D04,GUIL,GUIL.AOS.S2,2019-09-10T11:37Z,GUIL.SS.20190910,GUIL.SS.20190910,,,20200224T162157Z
65e9f299-702b-4cb8-b48e-703f077b51ff,D04,GUIL,GUIL.AOS.S2,2019-09-16T12:23Z,GUIL.SS.20190916,GUIL.SS.20190916,,,20200224T162157Z
3bf9c577-9a0e-4663-9ac0-1a16b75c4345,D04,GUIL,GUIL.AOS.S2,2019-09-24T12:21Z,GUIL.SS.20190924,GUIL.SS.20190924,,,20200224T162157Z
b05b15d3-1027-45b3-aba4-a2ccdc8f42d5,D04,GUIL,GUIL.AOS.S2,2019-09-24T12:23Z,GUIL.SS.20190924,GUIL.SS.20190924.2,,,20200224T162157Z
f9000fc9-f993-4491-af7b-c1b644d8689e,D04,GUIL,GUIL.AOS.S2,2019-09-24T12:24Z,GUIL.SS.20190924,GUIL.SS.20190924.3,,,20200224T162157Z
2d635dfc-ed89-4525-9949-9ce721fc43ce,D04,GUIL,GUIL.AOS.S2,2019-10-02T12:14Z,GUIL.SS.20191002,GUIL.SS.20191002,,,20200309T152842Z
26a72fc0-9bc8-4c6b-8a59-d36a9a9450c6,D04,GUIL,GUIL.AOS.S2,2019-10-09T12:49Z,GUIL.SS.20191009,GUIL.SS.20191009,,,20200309T152842Z
b3e0b11e-5312-4798-b182-0ba1bb1bcd62,D04,GUIL,GUIL.AOS.S2,2019-10-15T12:30Z,GUIL.SS.20191015,GUIL.SS.20191015,,,20200309T152842Z
e04bebb2-fa3a-48ce-8986-09c46d4b9181,D04,GUIL,GUIL.AOS.S2,2019-10-23T14:01Z,GUIL.SS.20191023,GUIL.SS.20191023,,,20200309T152842Z
cfe7b514-a4ce-4952-bcea-4e892262e9e7,D04,GUIL,GUIL.AOS.S2,2019-11-12T12:45Z,GUIL.SS.20191112,GUIL.SS.20191112,,,20200406T153545Z
140fdd8b-9f68-4b42-9440-2b11b50c9a64,D04,GUIL,GUIL.AOS.S2,2019-11-19T11:17Z,GUIL.SS.20191119,GUIL.SS.20191119,,,20200406T153545Z
0a8ad098-257b-4ddf-9c6c-cbcaa01af82a,D04,GUIL,GUIL.AOS.S2,2019-11-25T12:24Z,GUIL.SS.20191125,GUIL.SS.20191125,,,20200406T153545Z
622253bd-8ddc-4566-b07c-ef8005b26673,D04,GUIL,GUIL.AOS.S2,2019-12-17T11:39Z,GUIL.SS.20191217,GUIL.SS.20191217,,,20200504T151813Z
884471e0-882c-44c4-a84f-d4118da80d25,D05,CRAM,CRAM.AOS.outlet,2016-06-07T14:45Z,CRAM.OT.20160607,CRAM.OT.20160607,,,20200224T172353Z
f24234d0-6c7f-483b-9226-20348aa35187,D05,CRAM,CRAM.AOS.inlet,2016-06-07T16:06Z,CRAM.IN.20160607,CRAM.IN.20160607,,,20200224T172353Z
901b625e-2d28-4566-9bcf-0e3d9562ef38,D05,CRAM,CRAM.AOS.buoy.c1,2016-06-07T18:40Z,CRAM.C1.20160607,CRAM.C1.20160607,,,20200224T172353Z
c94b7b6f-5990-42dd-a730-aaeb8ae01fcf,D05,CRAM,CRAM.AOS.buoy.c2,2016-06-07T19:03Z,CRAM.C2.20160607,CRAM.C2.20160607,,,20200224T172353Z
aca1f98e-ce05-468c-98bc-7af07cb2d47a,D05,CRAM,CRAM.AOS.outlet,2016-07-05T15:15Z,CRAM.OT.20160705,CRAM.OT.20160705,,,20200224T172326Z
55b435d1-4482-4e47-a3aa-f1aaf946841e,D05,CRAM,CRAM.AOS.inlet,2016-07-05T15:55Z,CRAM.IN.20160705,CRAM.IN.20160705,,,20200224T172326Z
037b0bb6-2a7b-431f-bb40-b3e56fae350a,D05,CRAM,CRAM.AOS.buoy.c1,2016-07-05T16:40Z,CRAM.C1.20160705,CRAM.C1.20160705,,,20200224T172326Z
0c0a854e-8053-479d-89d5-ec1a0b7e6536,D05,CRAM,CRAM.AOS.buoy.c2,2016-07-05T17:35Z,CRAM.C2.20160705,CRAM.C2.20160705,,,20200224T172326Z
60735ccb-3c5b-4742-83da-1b044e1f8093,D05,CRAM,CRAM.AOS.outlet,2016-08-09T15:40Z,CRAM.OT.20160809,CRAM.OT.20160809,,,20200224T174101Z
64311f61-b8b2-4bcd-b1d1-c5b244b48597,D05,CRAM,CRAM.AOS.inlet,2016-08-09T16:40Z,CRAM.IN.20160809,CRAM.IN.20160809,,,20200224T174101Z
b25855f5-f232-4580-9a4e-c7e056dd90ea,D05,CRAM,CRAM.AOS.buoy.c1,2016-08-09T18:20Z,CRAM.C1.20160809,CRAM.C1.20160809,,,20200224T174101Z
a349f7e3-579f-475c-9d43-11819567baa1,D05,CRAM,CRAM.AOS.buoy.c2,2016-08-09T19:30Z,CRAM.C2.20160809,CRAM.C2.20160809,,,20200224T174101Z
b61b3ca6-25cb-42a7-ab62-5a1d2d44c8b9,D05,CRAM,CRAM.AOS.outlet,2016-09-07T14:50Z,CRAM.OT.20160907,CRAM.OT.20160907,,,20200224T174030Z
b0277731-0b0e-4685-bdd4-f9b918f11a08,D05,CRAM,CRAM.AOS.inlet,2016-09-07T15:20Z,CRAM.IN.20160907,CRAM.IN.20160907,,,20200224T174030Z
0ba8aae3-8472-4372-9c2e-d56ced6c866b,D05,CRAM,CRAM.AOS.buoy.c1,2016-09-07T16:15Z,CRAM.C1.20160907,CRAM.C1.20160907,,,20200224T174030Z
67f49b1b-952a-4b28-9915-083c255cb8d2,D05,CRAM,CRAM.AOS.buoy.c2,2016-09-07T16:45Z,CRAM.C2.20160907,CRAM.C2.20160907,,,20200224T174030Z
69a55b9b-0c8c-4b27-823c-d5c5eb084244,D05,CRAM,CRAM.AOS.outlet,2016-09-27T15:57Z,CRAM.OT.20160927,CRAM.OT.20160927,,,20200224T174030Z
25c24637-6c12-4745-aaa9-e60bb8380152,D05,CRAM,CRAM.AOS.inlet,2016-09-27T16:30Z,CRAM.IN.20160927,CRAM.IN.20160927,,,20200224T174030Z
255fb906-790f-4a62-ac66-75a451b460c3,D05,CRAM,CRAM.AOS.buoy.c1,2016-09-27T17:20Z,CRAM.C1.20160927,CRAM.C1.20160927,,,20200224T174030Z
a9882bc7-9769-4ae3-a1bc-16684ea77980,D05,CRAM,CRAM.AOS.buoy.c2,2016-09-27T17:35Z,CRAM.C2.20160927,CRAM.C2.20160927,,,20200224T174030Z
83dc52dd-7e6a-4ce7-829f-b589d888b5e8,D05,CRAM,CRAM.AOS.buoy.c1,2016-10-18T15:20Z,CRAM.C1.20161018,CRAM.C1.20161018,,,20200224T173944Z
a3b446a7-27b1-4dd2-bcae-b4f53b2c7513,D05,CRAM,CRAM.AOS.buoy.c2,2016-10-18T15:45Z,CRAM.C2.20161018,CRAM.C2.20161018,,,20200224T173944Z
9a4997f1-df23-4abf-b0b7-6f39168ffd87,D05,CRAM,CRAM.AOS.outlet,2016-11-08T15:55Z,CRAM.OT.20161108,CRAM.OT.20161108,,,20200224T173916Z
8fefcb2f-b73c-4b82-929b-33df1aaa16b7,D05,CRAM,CRAM.AOS.inlet,2016-11-08T16:20Z,CRAM.IN.20161108,CRAM.IN.20161108,,,20200224T173916Z
b46cb28f-b628-472d-a13d-650175d20ce6,D05,CRAM,CRAM.AOS.buoy.c1,2016-11-08T17:15Z,CRAM.C1.20161108,CRAM.C1.20161108,,,20200224T173916Z
1a4b8934-3e46-46ad-9032-0cd575585a8c,D05,CRAM,CRAM.AOS.buoy.c2,2016-11-08T17:45Z,CRAM.C2.20161108,CRAM.C2.20161108,,,20200224T173916Z
890c13c8-f3ee-4e2b-8306-f2d85e31584e,D05,CRAM,CRAM.AOS.outlet,2016-11-21T15:10Z,CRAM.OT.20161121,CRAM.OT.20161121,,,20200224T173916Z
99b9d727-6e11-4412-9505-2c939d06107c,D05,CRAM,CRAM.AOS.inlet,2016-11-21T15:35Z,CRAM.IN.20161121,CRAM.IN.20161121,,,20200224T173916Z
22da48bf-6ed1-4798-8700-05d8e45d22d4,D05,CRAM,CRAM.AOS.buoy.c0,2016-11-21T16:15Z,CRAM.C0.20161121,CRAM.C0.20161121,,,20200224T173916Z
13539308-28a0-4600-91ba-ff3e3ae9f581,D05,CRAM,CRAM.AOS.buoy.c0,2017-02-07T17:15Z,CRAM.C0.20170207,CRAM.C0.20170207,,,20200224T174059Z
f07b16f4-986f-40fa-9425-29e2265e96b9,D05,CRAM,CRAM.AOS.buoy.c0,2017-03-08T15:30Z,CRAM.C0.20170308,CRAM.C0.20170308,,,20200224T174001Z
36c59a57-28e7-4666-aa30-d082fafeb775,D05,CRAM,CRAM.AOS.outlet,2017-04-18T14:20Z,CRAM.OT.20170418,CRAM.OT.20170418,,,20200224T172424Z
251ef9b7-357d-4c40-aca1-23d0790e9a3a,D05,CRAM,CRAM.AOS.inlet,2017-04-18T14:55Z,CRAM.IN.20170418,CRAM.IN.20170418,,,20200224T172424Z
3b86bc1d-73b4-46f7-ad2d-4db28f9a45f7,D05,CRAM,CRAM.AOS.buoy.c1,2017-04-18T15:45Z,CRAM.C1.20170418,CRAM.C1.20170418,,,20200224T172424Z
ca4a8211-e308-4154-b9c2-1fcc53e8cc3f,D05,CRAM,CRAM.AOS.buoy.c2,2017-04-18T16:30Z,CRAM.C2.20170418,CRAM.C2.20170418,,,20200224T172424Z
e35cf90d-135a-4e77-b441-27c8c3dedd12,D05,CRAM,CRAM.AOS.outlet,2017-05-02T14:55Z,CRAM.OT.20170502,CRAM.OT.20170502,,,20200224T172356Z
78bc734a-81ac-43f9-93cb-0e081d7eb1fc,D05,CRAM,CRAM.AOS.inlet,2017-05-02T15:25Z,CRAM.IN.20170502,CRAM.IN.20170502,,,20200224T172356Z
c84eed57-e14a-4252-b8ab-87c20dab5625,D05,CRAM,CRAM.AOS.buoy.c1,2017-05-02T16:13Z,CRAM.C1.20170502,CRAM.C1.20170502,,,20200224T172356Z
fb4e875e-8f35-40bf-bac3-cc54ed3048a2,D05,CRAM,CRAM.AOS.buoy.c2,2017-05-02T16:27Z,CRAM.C2.20170502,CRAM.C2.20170502,,,20200224T172356Z
0bcd5d84-84c5-4529-87b8-728c20728be5,D05,CRAM,CRAM.AOS.outlet,2017-06-06T14:38Z,CRAM.OT.20170606,CRAM.OT.20170606,,,20200224T172331Z
802a7ad6-0070-4230-acf9-ed0aa538c5c1,D05,CRAM,CRAM.AOS.inlet,2017-06-06T15:03Z,CRAM.IN.20170606,CRAM.IN.20170606,,,20200224T172331Z
60feaa01-8bd9-4384-ac1f-5b57db07f411,D05,CRAM,CRAM.AOS.buoy.c1,2017-06-06T15:34Z,CRAM.C1.20170606,CRAM.C1.20170606,,,20200224T172331Z
0f206b39-1691-44e7-b379-3cf7cbd6a06e,D05,CRAM,CRAM.AOS.buoy.c2,2017-06-06T16:21Z,CRAM.C2.20170606,CRAM.C2.20170606,,,20200224T172331Z
25cc5ad3-05df-401d-b94a-a909637b097c,D05,CRAM,CRAM.AOS.outlet,2017-07-11T14:41Z,CRAM.OT.20170711,CRAM.OT.20170711,,,20200224T174105Z
f4809f2d-6396-4727-a1a7-1e8de1807bc3,D05,CRAM,CRAM.AOS.inlet,2017-07-11T15:11Z,CRAM.IN.20170711,CRAM.IN.20170711,,,20200224T174105Z
cf1e5cee-6dc3-4016-9cd5-5c0e9614c56f,D05,CRAM,CRAM.AOS.buoy.c1,2017-07-11T16:22Z,CRAM.C1.20170711,CRAM.C1.20170711,,,20200224T174105Z
326fbeac-68d4-4560-98e5-590d799705ab,D05,CRAM,CRAM.AOS.buoy.c2,2017-07-11T16:23Z,CRAM.C2.20170711,CRAM.C2.20170711,,,20200224T174105Z
2567d8b6-a237-4c2a-aaa6-aa49e1916a0d,D05,CRAM,CRAM.AOS.outlet,2017-08-01T14:16Z,CRAM.OT.20170801,CRAM.OT.20170801,,,20200224T174034Z
982f6557-0ca2-4243-aaad-948e4a3e70bf,D05,CRAM,CRAM.AOS.inlet,2017-08-01T14:58Z,CRAM.IN.20170801,CRAM.IN.20170801,,,20200224T174034Z
48f8a923-d4a0-4168-b7a8-12fc317da0cc,D05,CRAM,CRAM.AOS.buoy.c1,2017-08-01T15:43Z,CRAM.C1.20170801,CRAM.C1.20170801,,,20200224T174034Z
c2723d7f-d485-4d66-ae00-cfdcbe9e744a,D05,CRAM,CRAM.AOS.buoy.c2,2017-08-01T15:59Z,CRAM.C2.20170801,CRAM.C2.20170801,,,20200224T174034Z
54ef00f7-eb86-47b7-bbf9-af82edb84ca3,D05,CRAM,CRAM.AOS.outlet,2017-08-29T14:25Z,CRAM.OT.20170829,CRAM.OT.20170829,,,20200224T174034Z
a6a84f93-6b0b-4c7f-82b3-8dc1392585df,D05,CRAM,CRAM.AOS.inlet,2017-08-29T14:42Z,CRAM.IN.20170829,CRAM.IN.20170829,,,20200224T174034Z
2be4b21f-dd1b-4aa2-a856-8e067340a036,D05,CRAM,CRAM.AOS.buoy.c1,2017-08-29T15:25Z,CRAM.C1.20170829,CRAM.C1.20170829,,,20200224T174034Z
5fb8f87d-2645-4ff2-bfb8-bc1033da5c14,D05,CRAM,CRAM.AOS.buoy.c2,2017-08-29T15:40Z,CRAM.C2.20170829,CRAM.C2.20170829,,,20200224T174034Z
5a0df16e-cb86-4077-8ee4-21b6a47da2a5,D05,CRAM,CRAM.AOS.outlet,2017-10-03T14:40Z,CRAM.OT.20171003,CRAM.OT.20171003,,,20200224T173920Z
cab96ff4-2b19-48d5-918f-e38a02959d9f,D05,CRAM,CRAM.AOS.inlet,2017-10-03T15:01Z,CRAM.IN.20171003,CRAM.IN.20171003,,,20200224T173920Z
7b4e0d97-4532-4b4b-904d-77f8e2bf0c93,D05,CRAM,CRAM.AOS.buoy.c1,2017-10-03T16:11Z,CRAM.C1.20171003,CRAM.C1.20171003,,,20200224T173920Z
73e9d909-19fd-4eac-bbb6-c09496035a7c,D05,CRAM,CRAM.AOS.buoy.c2,2017-10-03T16:55Z,CRAM.C2.20171003,CRAM.C2.20171003,,,20200224T173920Z
8c0c3679-a27c-47d1-b521-5fc4538c14f5,D05,CRAM,CRAM.AOS.outlet,2017-10-16T14:49Z,CRAM.OT.20171016,CRAM.OT.20171016,,,20200224T173920Z
f399974b-44d6-4910-be21-6eeb4678a784,D05,CRAM,CRAM.AOS.inlet,2017-10-16T15:32Z,CRAM.IN.20171016,CRAM.IN.20171016,,,20200224T173920Z
e0606765-dd43-47f9-bee7-143a614c81e8,D05,CRAM,CRAM.AOS.buoy.c1,2017-10-16T16:02Z,CRAM.C1.20171016,CRAM.C1.20171016,,,20200224T173920Z
d4b1b00a-7b3c-4499-b877-4a7918f606b2,D05,CRAM,CRAM.AOS.buoy.c2,2017-10-16T16:16Z,CRAM.C2.20171016,CRAM.C2.20171016,,,20200224T173920Z
63e1db8f-40f5-47ee-9fd8-65b1e246e979,D05,CRAM,CRAM.AOS.outlet,2017-11-07T16:10Z,CRAM.OT.20171107,CRAM.OT.20171107,,,20200224T162103Z
a73f2546-e75d-43b7-be75-4b9ec9536aa5,D05,CRAM,CRAM.AOS.inlet,2017-11-07T16:28Z,CRAM.IN.20171107,CRAM.IN.20171107,,,20200224T162103Z
76d0c95b-e798-4110-8de5-8917504b0f9a,D05,CRAM,CRAM.AOS.buoy.c0,2017-11-07T17:08Z,CRAM.C0.20171107,CRAM.C0.20171107,,,20200224T162103Z
7a2522a4-604c-437d-a685-38ab27f448d2,D05,CRAM,CRAM.AOS.buoy.c0,2018-02-13T18:28Z,CRAM.C0.20180213,CRAM.C0.20180213,,,20200224T174005Z
b64e7ad5-3655-4af6-992c-51752e967c07,D05,CRAM,CRAM.AOS.buoy.c0,2018-03-05T15:30Z,CRAM.C0.20180305,CRAM.C0.20180305,,,20200224T172430Z
c999fdbc-a4aa-45c8-9ca7-0ba658e2318a,D05,CRAM,CRAM.AOS.buoy.c1,2018-05-07T15:38Z,CRAM.C1.20180507,CRAM.C1.20180507,,,20200224T172335Z
3f922fd7-318a-498b-9ce0-9a7d116ef763,D05,CRAM,CRAM.AOS.buoy.c2,2018-05-07T16:29Z,CRAM.C2.20180507,CRAM.C2.20180507,,,20200224T172335Z
ab4471aa-f2dc-44aa-a900-ec110d7bb4b1,D05,CRAM,CRAM.AOS.buoy.c2,2018-05-22T15:44Z,CRAM.C2.20180522,CRAM.C2.20180522,,,20200224T172335Z
74f4edac-c938-4bbc-8e30-5b4941991cdc,D05,CRAM,CRAM.AOS.buoy.c1,2018-05-22T15:45Z,CRAM.C1.20180522,CRAM.C1.20180522,,,20200224T172335Z
299a93bf-9c85-4996-a1e1-e320671056a3,D05,CRAM,CRAM.AOS.buoy.c2,2018-06-05T17:20Z,CRAM.C2.20180605,CRAM.C2.20180605,,,20200224T172241Z
a75aff51-4243-4761-a44d-ed2250a83203,D05,CRAM,CRAM.AOS.buoy.c1,2018-06-05T17:40Z,CRAM.C1.20180605,CRAM.C1.20180605,,,20200224T172241Z
9b923a17-8b5d-4e20-97b3-479e87b5a95c,D05,CRAM,CRAM.AOS.buoy.c1,2018-07-10T16:03Z,CRAM.C1.20180710,CRAM.C1.20180710,,,20200224T174026Z
8763abe9-dffc-4ea3-8978-7b5877bec9b1,D05,CRAM,CRAM.AOS.buoy.c2,2018-07-10T16:28Z,CRAM.C2.20180710,CRAM.C2.20180710,,,20200224T174026Z
4edbb87a-9a64-46ca-bd91-c0b510eb21b4,D05,CRAM,CRAM.AOS.buoy.c1,2018-08-07T15:38Z,CRAM.C1.20180807,CRAM.C1.20180807,,,20200224T173936Z
c0c3b76a-3dcb-4561-8ea2-f0eac15d2c63,D05,CRAM,CRAM.AOS.buoy.c2,2018-08-07T15:39Z,CRAM.C2.20180807,CRAM.C2.20180807,,,20200224T173936Z
a6b0d374-c63f-4281-a555-6baf65f06a9f,D05,CRAM,CRAM.AOS.buoy.c2,2018-09-11T14:16Z,CRAM.C2.20180911,CRAM.C2.20180911,,,20200224T173923Z
333c3c3b-d70a-4857-8160-ce56073bcb9f,D05,CRAM,CRAM.AOS.buoy.c1,2018-09-11T14:58Z,CRAM.C1.20180911,CRAM.C1.20180911,,,20200224T173923Z
c6b51ef7-252f-47b1-93d4-80bd029882ff,D05,CRAM,CRAM.AOS.buoy.c1,2018-10-02T15:58Z,CRAM.C1.20181002,CRAM.C1.20181002,,,20200224T162002Z
7a2999b3-968e-440e-bea6-fa250dad9855,D05,CRAM,CRAM.AOS.buoy.c2,2018-10-02T15:59Z,CRAM.C2.20181002,CRAM.C2.20181002,,,20200224T162002Z
aa2ff60d-9529-49fd-a2b9-decb2a5c59d1,D05,CRAM,CRAM.AOS.buoy.c1,2018-10-16T16:35Z,CRAM.C1.20181016,CRAM.C1.20181016,,,20200224T162002Z
c8f3094a-e548-4116-a3ff-5f02c4b80878,D05,CRAM,CRAM.AOS.buoy.c2,2018-10-16T16:49Z,CRAM.C2.20181016,CRAM.C2.20181016,,,20200224T162002Z
9412b42c-3d42-4634-8d34-dd7b5d29d914,D05,CRAM,CRAM.AOS.buoy.c0,2018-11-06T16:42Z,CRAM.C0.20181106,CRAM.C0.20181106,,,20200224T161957Z
a10abff1-f11b-4c70-b5a4-6145596cf83b,D05,CRAM,CRAM.AOS.buoy.c0,2019-01-07T16:35Z,CRAM.C0.20190107,CRAM.C0.20190107,,,20200224T174010Z
fb8e390c-0e83-4316-9a6e-b0fe4a921411,D05,CRAM,CRAM.AOS.buoy.c0,2019-02-18T17:45Z,CRAM.C0.20190218,CRAM.C0.20190218,,,20200224T172419Z
7a248c0d-3c5d-4268-953d-3b6abc74c326,D05,CRAM,CRAM.AOS.buoy.c0,2019-03-04T20:19Z,CRAM.C0.20190304,CRAM.C0.20190304,,,20200224T172401Z
e22b7a37-f7af-472b-b0f0-3cd78b0c21da,D05,CRAM,CRAM.AOS.buoy.c0,2019-05-01T15:11Z,CRAM.C0.20190501,CRAM.C0.20190501,,,20200224T174108Z
41422e35-c491-4316-a81f-ca394bafdcd0,D05,CRAM,CRAM.AOS.buoy.c1,2019-05-22T14:51Z,CRAM.C1.20190522,CRAM.C1.20190522,,,20200224T174108Z
1ef730c7-1b97-4de2-804a-e78793244aed,D05,CRAM,CRAM.AOS.buoy.c2,2019-05-22T15:15Z,CRAM.C2.20190522,CRAM.C2.20190522,,,20200224T174108Z
f4bda45f-e459-477b-b051-e239b21061de,D05,CRAM,CRAM.AOS.buoy.c1,2019-06-04T17:20Z,CRAM.C1.20190604,CRAM.C1.20190604,,,20200224T174038Z
0ecd4c19-90d6-4641-ba33-b45a1ade3661,D05,CRAM,CRAM.AOS.buoy.c1,2019-06-04T17:20Z,CRAM.C1.20190604,CRAM.C1.20190604.3,,,20200224T174038Z
63baf20f-82a9-4c0a-8755-9acd5962c840,D05,CRAM,CRAM.AOS.buoy.c1,2019-06-04T17:20Z,CRAM.C1.20190604,CRAM.C1.20190604.2,,,20200224T174038Z
c88ebdd1-1689-4b08-ad46-729a0862a334,D05,CRAM,CRAM.AOS.buoy.c2,2019-06-04T17:42Z,CRAM.C2.20190604,CRAM.C2.20190604.2,,,20200224T174038Z
216d075c-247b-40ad-bc47-bd1497bf4373,D05,CRAM,CRAM.AOS.buoy.c2,2019-06-04T17:42Z,CRAM.C2.20190604,CRAM.C2.20190604,,,20200224T174038Z
51cc996e-a6e6-4224-a110-1be8c12dd564,D05,CRAM,CRAM.AOS.buoy.c2,2019-06-04T17:42Z,CRAM.C2.20190604,CRAM.C2.20190604.3,,,20200224T174038Z
50239164-3771-42d9-9e9e-9800f0dce1d8,D05,CRAM,CRAM.AOS.buoy.c1,2019-07-09T14:55Z,CRAM.C1.20190709,CRAM.C1.20190709.3,,,20200224T173940Z
1b29a209-a822-4285-aa0c-2c346071b6de,D05,CRAM,CRAM.AOS.buoy.c1,2019-07-09T14:55Z,CRAM.C1.20190709,CRAM.C1.20190709,,,20200224T173940Z
7138fdfe-2684-4937-ad75-20601fc518e6,D05,CRAM,CRAM.AOS.buoy.c1,2019-07-09T14:55Z,CRAM.C1.20190709,CRAM.C1.20190709.2,,,20200224T173940Z
29838605-817c-4381-8f89-9106df2bbf58,D05,CRAM,CRAM.AOS.buoy.c2,2019-07-09T15:20Z,CRAM.C2.20190709,CRAM.C2.20190709.2,,,20200224T173940Z
eab90836-e3ff-426a-8c54-b2fedae5ba8a,D05,CRAM,CRAM.AOS.buoy.c2,2019-07-09T15:20Z,CRAM.C2.20190709,CRAM.C2.20190709,,,20200224T173940Z
13122140-fa31-43f4-9cac-5fd246cb1dca,D05,CRAM,CRAM.AOS.buoy.c2,2019-07-09T15:20Z,CRAM.C2.20190709,CRAM.C2.20190709.3,,,20200224T173940Z
f63d599b-ed84-4e90-8ad0-a61aaf85ebb5,D05,CRAM,CRAM.AOS.buoy.c1,2019-08-06T15:46Z,CRAM.C1.20190806,CRAM.C1.20190806,,,20200224T173926Z
552d45ce-e4dd-4f67-8fa1-c3ecbf6e3804,D05,CRAM,CRAM.AOS.buoy.c2,2019-08-06T16:06Z,CRAM.C2.20190806,CRAM.C2.20190806,,,20200224T173926Z
67cc3484-c2ed-448a-819a-51340fa599c4,D05,CRAM,CRAM.AOS.buoy.c1,2019-09-09T14:53Z,CRAM.C1.20190909,CRAM.C1.20190909.3,,,20200224T162011Z
0fc42d14-7d4d-4b47-be3f-98013d6f1a30,D05,CRAM,CRAM.AOS.buoy.c1,2019-09-09T14:53Z,CRAM.C1.20190909,CRAM.C1.20190909,,,20200224T162011Z
f0d700a7-6dc9-4b96-ad33-bc23ffabfdd7,D05,CRAM,CRAM.AOS.buoy.c1,2019-09-09T14:53Z,CRAM.C1.20190909,CRAM.C1.20190909.2,,,20200224T162011Z
c4531e54-cf00-4434-b3d6-b8fc0ab6338a,D05,CRAM,CRAM.AOS.buoy.c2,2019-09-09T15:43Z,CRAM.C2.20190909,CRAM.C2.20190909.2,,,20200224T162011Z
50c10c58-7193-41ff-ae86-2ebb37e0e820,D05,CRAM,CRAM.AOS.buoy.c2,2019-09-09T15:43Z,CRAM.C2.20190909,CRAM.C2.20190909.3,,,20200224T162011Z
5aa9cdcc-39f6-4623-a4d6-3117a9546327,D05,CRAM,CRAM.AOS.buoy.c2,2019-09-09T15:43Z,CRAM.C2.20190909,CRAM.C2.20190909,,,20200224T162011Z
0aed24a1-b22d-43fc-8d06-4b8e3bff65c8,D05,CRAM,CRAM.AOS.buoy.c1,2019-10-01T14:53Z,CRAM.C1.20191001,CRAM.C1.20191001.2,,,20200309T154335Z
5daf5178-b696-47af-aabb-eb3cddbefbc3,D05,CRAM,CRAM.AOS.buoy.c1,2019-10-01T14:53Z,CRAM.C1.20191001,CRAM.C1.20191001,,,20200309T154335Z
359fced1-942e-4656-972f-d98485453859,D05,CRAM,CRAM.AOS.buoy.c1,2019-10-01T14:53Z,CRAM.C1.20191001,CRAM.C1.20191001.3,,,20200309T154335Z
a973946b-57e9-4a47-8a6c-c762235d373f,D05,CRAM,CRAM.AOS.buoy.c2,2019-10-01T15:06Z,CRAM.C2.20191001,CRAM.C2.20191001.3,,,20200309T154335Z
1a3b83ef-e99a-4f62-93e5-6a81f083a0d8,D05,CRAM,CRAM.AOS.buoy.c2,2019-10-01T15:06Z,CRAM.C2.20191001,CRAM.C2.20191001,,,20200309T154335Z
c17e2b23-119e-45fe-b657-813d78578ec3,D05,CRAM,CRAM.AOS.buoy.c2,2019-10-01T15:06Z,CRAM.C2.20191001,CRAM.C2.20191001.2,,,20200309T154335Z
d0cd5435-8d6b-4358-89f0-2e1fbf373627,D05,CRAM,CRAM.AOS.buoy.c1,2019-10-15T14:41Z,CRAM.C1.20191015,CRAM.C1.20191015.3,,,20200309T154335Z
d8dc3e55-92c8-4ea1-854a-7bcd0c062dc9,D05,CRAM,CRAM.AOS.buoy.c1,2019-10-15T14:41Z,CRAM.C1.20191015,CRAM.C1.20191015,,,20200309T154335Z
d4cd499d-c947-46ab-9508-6cf5310256ac,D05,CRAM,CRAM.AOS.buoy.c1,2019-10-15T14:41Z,CRAM.C1.20191015,CRAM.C1.20191015.2,,,20200309T154335Z
ee82150f-2f76-4b80-8760-7c083c22d4b3,D05,CRAM,CRAM.AOS.buoy.c2,2019-10-15T15:10Z,CRAM.C2.20191015,CRAM.C2.20191015,,,20200309T154335Z
5a645748-50cb-4279-b357-fcc485932ebb,D05,CRAM,CRAM.AOS.buoy.c2,2019-10-16T03:10Z,CRAM.C2.20191015,CRAM.C2.20191015.3,,,20200309T154335Z
67e450b5-b3f5-4c4c-b6ba-c5b29c24eae9,D05,CRAM,CRAM.AOS.buoy.c2,2019-10-16T03:10Z,CRAM.C2.20191015,CRAM.C2.20191015.2,,,20200309T154335Z
db2f832e-f27d-4e23-a962-191d23be99a7,D05,CRAM,CRAM.AOS.buoy.c0,2019-11-05T15:37Z,CRAM.C0.20191105,CRAM.C0.20191105,,,20200406T150251Z
22ea6b3d-845f-4f6d-9213-2370e50fe954,D05,CRAM,CRAM.AOS.buoy.c0,2020-01-06T17:24Z,CRAM.C0.20200106,CRAM.C0.20200106,,,20200601T142644Z
bcb6052c-7975-4a29-9186-6d17d4ee1168,D05,CRAM,CRAM.AOS.buoy.c0,2020-02-03T16:47Z,CRAM.C0.20200203,CRAM.C0.20200203,,,20200406T154714Z
845ebdc5-5f09-4bbb-9b1a-1406cf4680cb,D05,CRAM,CRAM.AOS.buoy.c0,2020-03-02T15:55Z,CRAM.C0.20200302,CRAM.C0.20200302,,,20200504T153931Z
7e382ba3-7ba1-4b4f-84dd-83da3f5670e2,D13,COMO,COMO.AOS.S2,2016-06-06T18:03Z,COMO.SS.20160606,COMO.SS.20160606,,,20200224T171835Z
50d547d8-b64c-409d-aa44-981d105b6700,D13,COMO,COMO.AOS.S2,2016-06-09T18:42Z,COMO.SS.20160609,COMO.SS.20160609,,,20200224T171835Z
0a0b61bf-e9ac-4aa1-bd1a-d3a568b62e6b,D13,COMO,COMO.AOS.S2,2016-06-14T20:13Z,COMO.SS.20160614,COMO.SS.20160614,,,20200224T171835Z
7537310d-6f36-43cd-9d94-addfb5bea4c0,D13,COMO,COMO.AOS.S2,2016-06-20T18:14Z,COMO.SS.20160620,COMO.SS.20160620,,,20200224T171835Z
1f6316d5-3aff-4faf-abb9-27cbf3331c77,D13,COMO,COMO.AOS.S2,2016-06-27T20:29Z,COMO.SS.20160627,COMO.SS.20160627,,,20200224T171835Z
72d80655-4042-41ee-ae42-e464e3d87767,D13,COMO,COMO.AOS.S2,2016-06-30T15:09Z,COMO.SS.20160630,COMO.SS.20160630,,,20200224T171835Z
6fe8a667-c397-46a6-8a10-646ec078ca93,D13,COMO,COMO.AOS.S2,2016-07-06T15:34Z,COMO.SS.20160706,COMO.SS.20160706,,,20200224T170611Z
2055d01e-5519-46c1-8395-d26e6acf2da9,D13,COMO,COMO.AOS.S2,2016-07-08T15:34Z,COMO.SS.20160708,COMO.SS.20160708,,,20200224T170611Z
08fd3480-9740-4ea6-9aff-1d2e6d98e46e,D13,COMO,COMO.AOS.S2,2016-07-13T17:38Z,COMO.SS.20160713,COMO.SS.20160713,,,20200224T170611Z
3cb3c677-aaa4-4b0f-993a-3c438a619ba7,D13,COMO,COMO.AOS.S2,2016-07-21T15:57Z,COMO.SS.20160721,COMO.SS.20160721,,,20200224T170611Z
6a4b94b6-922d-4764-a50c-22fd60b9b75f,D13,COMO,COMO.AOS.S2,2016-07-25T15:57Z,COMO.SS.20160725,COMO.SS.20160725,,,20200224T170611Z
30adb042-c3f9-4ee5-909d-6d36e221ba92,D13,COMO,COMO.AOS.S2,2016-08-05T14:53Z,COMO.SS.20160805,COMO.SS.20160805,,,20200224T170550Z
cc080c73-2427-4857-80d3-819650928236,D13,COMO,COMO.AOS.S2,2016-08-09T16:16Z,COMO.SS.20160809,COMO.SS.20160809,,,20200224T170550Z
4807e371-f18a-46cb-9fbf-e0fa008879ee,D13,COMO,COMO.AOS.S2,2016-08-23T16:50Z,COMO.SS.20160823,COMO.SS.20160823,,,20200224T170550Z
1327655b-268f-4cc2-be12-a44bef3dd869,D13,COMO,COMO.AOS.S2,2016-09-12T18:45Z,COMO.SS.20160912,COMO.SS.20160912,,,20200224T171453Z
80f045af-bb08-4719-8c50-21de08eae819,D13,COMO,COMO.AOS.S2,2016-09-23T16:05Z,COMO.SS.20160923,COMO.SS.20160923,,,20200224T171453Z
0925ff25-1079-4b0c-9368-50bba348fe4a,D13,COMO,COMO.AOS.S2,2016-10-18T15:25Z,COMO.SS.20161018,COMO.SS.20161018,,,20200224T170657Z
96418b3e-e599-4b62-a71f-68df917cbc6b,D13,COMO,COMO.AOS.S2,2016-11-08T20:48Z,COMO.SS.20161108,COMO.SS.20161108,,,20200224T170605Z
08a24871-7fa3-40d1-a141-e388877da90f,D13,COMO,COMO.AOS.S2,2016-12-13T19:30Z,COMO.SS.20161213,COMO.SS.20161213,,,20200224T170347Z
317c1e38-2950-4488-b43a-3ff974703398,D13,COMO,COMO.AOS.S2,2017-01-10T18:30Z,COMO.SS.20170110,COMO.SS.20170110,,,20200224T171423Z
38a170fe-8aeb-4c54-b1de-70f37c782d86,D13,COMO,COMO.AOS.S2,2017-02-21T18:10Z,COMO.SS.20170221,COMO.SS.20170221,,,20200224T171148Z
f9c6c88e-5cb3-47d0-aa64-dd2b637dfa61,D13,COMO,COMO.AOS.S2,2017-03-15T18:00Z,COMO.SS.20170315,COMO.SS.20170315,,,20200224T171817Z
c38d53d4-1b8c-45de-8ad4-1c360fa3c31b,D13,COMO,COMO.AOS.S2,2017-04-12T17:32Z,COMO.SS.20170412,COMO.SS.20170412,,,20200224T171603Z
388a708b-0a1a-4335-95df-e00cbea5ef4b,D13,COMO,COMO.AOS.S2,2017-05-10T20:00Z,COMO.SS.20170510,COMO.SS.20170510,,,20200224T171831Z
822eeae9-9964-4493-94c2-24e59b8f19b4,D13,COMO,COMO.AOS.S2,2017-05-17T17:35Z,COMO.SS.20170517,COMO.SS.20170517,,,20200224T171831Z
12f2d674-a3be-481c-8702-5e06841312be,D13,COMO,COMO.AOS.S2,2017-05-25T16:10Z,COMO.SS.20170525,COMO.SS.20170525,,,20200224T171831Z
c2dac595-49e0-43d3-8421-eaed636c9d87,D13,COMO,COMO.AOS.S2,2017-06-05T17:00Z,COMO.SS.20170605,COMO.SS.20170605,,,20200224T170607Z
1bbdb5ea-de20-44d5-9ba8-2f09e9d3e0d5,D13,COMO,COMO.AOS.S2,2017-06-08T16:45Z,COMO.SS.20170608,COMO.SS.20170608,,,20200224T170607Z
405d2a15-5c2b-4a12-8d3f-4e886c360e18,D13,COMO,COMO.AOS.S2,2017-06-12T15:20Z,COMO.SS.20170612,COMO.SS.20170612,,,20200224T170607Z
1680139f-2ddb-4192-a2f3-bd77f2366bf3,D13,COMO,COMO.AOS.S2,2017-06-14T17:20Z,COMO.SS.20170614,COMO.SS.20170614,,,20200224T170607Z
ea5b7a71-1c3c-440b-9962-d4d4f9c0d94b,D13,COMO,COMO.AOS.S2,2017-06-20T15:30Z,COMO.SS.20170620,COMO.SS.20170620,,,20200224T170607Z
c581cbc1-deea-419c-8df7-b72637b99b94,D13,COMO,COMO.AOS.S2,2017-06-27T15:08Z,COMO.SS.20170627,COMO.SS.20170627,,,20200224T170607Z
2ead5cb7-f5e9-483a-b0ab-9e0846b9a9b5,D13,COMO,COMO.AOS.S2,2017-06-29T15:01Z,COMO.SS.20170629,COMO.SS.20170629,,,20200224T170607Z
79b6cde3-b19a-4f85-badb-5c049b5edfae,D13,COMO,COMO.AOS.S2,2017-07-06T15:43Z,COMO.SS.20170706,COMO.SS.20170706,,,20200224T170554Z
df294e3c-42ee-41fb-8c87-7dc947da1e7f,D13,COMO,COMO.AOS.S2,2017-07-10T15:38Z,COMO.SS.20170710,COMO.SS.20170710,,,20200224T170554Z
4635d7da-751c-4bfc-bfbc-ea6029c0fd3d,D13,COMO,COMO.AOS.S2,2017-07-17T15:39Z,COMO.SS.20170717,COMO.SS.20170717,,,20200224T170554Z
d2d435f6-23d5-4a6c-a992-08183a91e1a3,D13,COMO,COMO.AOS.S2,2017-07-25T15:20Z,COMO.SS.20170725,COMO.SS.20170725,,,20200224T170554Z
d393e448-06fe-4b53-a13f-95d6d273b784,D13,COMO,COMO.AOS.S2,2017-08-02T15:22Z,COMO.SS.20170802,COMO.SS.20170802,,,20200224T171458Z
adafafac-bdac-406e-94b5-3854ec1819d6,D13,COMO,COMO.AOS.S2,2017-08-08T14:57Z,COMO.SS.20170808,COMO.SS.20170808,,,20200224T171458Z
eda7edff-043f-423c-b352-b5251b82b4ee,D13,COMO,COMO.AOS.S2,2017-08-22T15:55Z,COMO.SS.20170822,COMO.SS.20170822,,,20200224T171458Z
bf08250b-f79e-4d0f-8cf5-b5b6cc02f3c5,D13,COMO,COMO.AOS.S2,2017-09-11T15:35Z,COMO.SS.20170911,COMO.SS.20170911,,,20200224T170701Z
e505174f-af3a-48d9-85be-dbd48a9513f0,D13,COMO,COMO.AOS.S2,2017-09-25T16:33Z,COMO.SS.20170925,COMO.SS.20170925,,,20200224T170701Z
fd54b95d-bf3a-4972-b050-27726cd52c02,D13,COMO,COMO.AOS.S2,2017-10-12T15:15Z,COMO.SS.20171012,COMO.SS.20171012,,,20200224T170609Z
16f2ac29-0c6f-452a-8598-c68a48fef987,D13,COMO,COMO.AOS.S2,2017-11-15T19:00Z,COMO.SS.20171115,COMO.SS.20171115,,,20200224T170334Z
70114829-603f-4fb3-8640-bf791766ab0d,D13,COMO,COMO.AOS.S2,2017-12-11T17:20Z,COMO.SS.20171211,COMO.SS.20171211,,,20200224T170705Z
c773f1b7-c95f-4ea0-8c20-7e794a42f27c,D13,COMO,COMO.AOS.S2,2018-01-16T19:09Z,COMO.SS.20180116,COMO.SS.20180116,,,20200224T171152Z
342ac3e6-a703-425c-892d-f1afcf6e5b99,D13,COMO,COMO.AOS.S2,2018-02-20T18:20Z,COMO.SS.20180220,COMO.SS.20180220,,,20200224T171821Z
ac8d18c1-e7c6-43f5-a651-92bd4909665b,D13,COMO,COMO.AOS.S2,2018-03-20T16:47Z,COMO.SS.20180320,COMO.SS.20180320,,,20200224T171606Z
b8e0bf41-dcce-406c-b93c-b158266ee937,D13,COMO,COMO.AOS.S2,2018-04-24T17:03Z,COMO.SS.20180424,COMO.SS.20180424,,,20200224T171843Z
25ff6f52-b848-430c-8aab-96633f515664,D13,COMO,COMO.AOS.S2,2018-05-14T16:55Z,COMO.SS.20180514,COMO.SS.20180514,,,20200224T170615Z
068e39f8-0b30-450c-8667-79d4ecbf680a,D13,COMO,COMO.AOS.S2,2018-05-22T16:37Z,COMO.SS.20180522,COMO.SS.20180522,,,20200224T170615Z
16d82f8f-e7de-4e2a-9d01-f4701f0b6329,D13,COMO,COMO.AOS.S2,2018-05-29T19:49Z,COMO.SS.20180529,COMO.SS.20180529,,,20200224T170615Z
8f6192ff-578a-455a-8c07-37351becd293,D13,COMO,COMO.AOS.S2,2018-06-04T18:10Z,COMO.SS.20180604,COMO.SS.20180604,,,20200224T170601Z
6a2f2c13-803c-4505-9711-e0137f63f068,D13,COMO,COMO.AOS.S2,2018-06-11T15:15Z,COMO.SS.20180611,COMO.SS.20180611,,,20200224T170601Z
b86ba527-63fc-452d-96de-1a9a8e859d55,D13,COMO,COMO.AOS.S2,2018-06-13T15:24Z,COMO.SS.20180613,COMO.SS.20180613,,,20200224T170601Z
9bccb6f2-d944-4714-86fc-baba3efe1716,D13,COMO,COMO.AOS.S2,2018-06-19T15:51Z,COMO.SS.20180619,COMO.SS.20180619,,,20200224T170601Z
c91f7b11-2610-49e8-9b60-e4c54ad4251b,D13,COMO,COMO.AOS.S2,2018-06-21T16:05Z,COMO.SS.20180621,COMO.SS.20180621,,,20200224T170601Z
ee65dc32-0402-4861-9eea-33abea0d8208,D13,COMO,COMO.AOS.S2,2018-06-26T15:25Z,COMO.SS.20180626,COMO.SS.20180626,,,20200224T170601Z
688a9664-43cf-41bf-addc-1e119f4801df,D13,COMO,COMO.AOS.S2,2018-06-28T17:11Z,COMO.SS.20180628,COMO.SS.20180628,,,20200224T170601Z
a515a2b2-3482-45b0-9ae4-135b645a7e5d,D13,COMO,COMO.AOS.S2,2018-07-02T15:19Z,COMO.SS.20180702,COMO.SS.20180702,,,20200224T171509Z
868c13e5-81fd-40c5-b796-8a3ba5be04ac,D13,COMO,COMO.AOS.S2,2018-07-12T14:52Z,COMO.SS.20180712,COMO.SS.20180712,,,20200224T171509Z
bcc1c929-f648-459c-9190-f0680cccc88c,D13,COMO,COMO.AOS.S2,2018-07-17T16:46Z,COMO.SS.20180717,COMO.SS.20180717,,,20200224T171509Z
f89f280b-06d1-4d9f-86fd-e40231fe6aa9,D13,COMO,COMO.AOS.S2,2018-07-23T16:45Z,COMO.SS.20180723,COMO.SS.20180723,,,20200224T171509Z
c3862dd4-390d-402e-acdf-3e7216326099,D13,COMO,COMO.AOS.S2,2018-08-06T14:57Z,COMO.SS.20180806,COMO.SS.20180806,,,20200224T170708Z
2172a959-27e8-4293-b213-06d5a73d55ea,D13,COMO,COMO.AOS.S2,2018-08-21T14:37Z,COMO.SS.20180821,COMO.SS.20180821,,,20200224T170708Z
17e2f4e6-0bdc-4eaa-95c8-5c701aef7d58,D13,COMO,COMO.AOS.S2,2018-08-23T15:05Z,COMO.SS.20180823,COMO.SS.20180823,,,20200224T170708Z
bc227d4b-72ec-4ccb-bf27-2104712750d6,D13,COMO,COMO.AOS.S2,2018-09-18T15:45Z,COMO.SS.20180918,COMO.SS.20180918,,,20200224T170616Z
f9cf85c8-219a-491b-8280-5797af2cc007,D13,COMO,COMO.AOS.S2,2018-09-24T17:52Z,COMO.SS.20180924,COMO.SS.20180924,,,20200224T170616Z
b14f8a53-2751-4591-bbe2-27232b9fcd99,D13,COMO,COMO.AOS.S2,2018-10-17T15:58Z,COMO.SS.20181017,COMO.SS.20181017,,,20200224T170343Z
5ac7c77f-c153-4ffb-948a-ec08f0192a41,D13,COMO,COMO.AOS.S2,2018-11-20T18:49Z,COMO.SS.20181120,COMO.SS.20181120,,,20200224T170326Z
9c695a71-5ca6-4107-b280-01f4f4fe32db,D13,COMO,COMO.AOS.S2,2018-12-17T16:10Z,COMO.SS.20181217,COMO.SS.20181217,,,20200224T173111Z
6248ac4e-55bb-408d-8fcb-90cd52e9967f,D13,COMO,COMO.AOS.S2,2019-01-14T17:36Z,COMO.SS.20190114,COMO.SS.20190114,,,20200224T171826Z
98e884eb-b471-43c7-89a2-db80bae6c466,D13,COMO,COMO.AOS.S2,2019-02-19T16:43Z,COMO.SS.20190219,COMO.SS.20190219,,,20200224T171611Z
e8984cf3-f533-4e09-8891-d77adb716d85,D13,COMO,COMO.AOS.S2,2019-03-19T17:00Z,COMO.SS.20190319,COMO.SS.20190319,,,20200224T171839Z
dc05b4b4-bef3-4b2d-bffe-6a1869474a11,D13,COMO,COMO.AOS.S2,2019-04-23T17:05Z,COMO.SS.20190423,COMO.SS.20190423,,,20200224T170619Z
b2466e7b-26ea-409a-819c-f1e792288073,D13,COMO,COMO.AOS.S2,2019-05-13T18:17Z,COMO.SS.20190513,COMO.SS.20190513,,,20200224T170557Z
e4c3fc0f-98d5-4fca-b635-b1a770debe0c,D13,COMO,COMO.AOS.S2,2019-05-21T16:30Z,COMO.SS.20190521,COMO.SS.20190521,,,20200224T170557Z
a6a07610-abcd-47c5-9792-68be0d044a5f,D13,COMO,COMO.AOS.S2,2019-05-28T20:42Z,COMO.SS.20190528,COMO.SS.20190528,,,20200224T170557Z
a08d1317-01e0-4952-91d0-94c3474301b8,D13,COMO,COMO.AOS.S2,2019-06-03T16:41Z,COMO.SS.20190603,COMO.SS.20190603,,,20200224T171505Z
495a5711-d439-40a9-91be-0503496226da,D13,COMO,COMO.AOS.S2,2019-06-10T16:52Z,COMO.SS.20190610,COMO.SS.20190610,,,20200224T171505Z
f0331c17-d033-4c27-b693-90e9f867d3f1,D13,COMO,COMO.AOS.S2,2019-06-12T16:16Z,COMO.SS.20190612,COMO.SS.20190612,,,20200224T171505Z
3a93450f-bbc5-4338-a620-ff423c2eaf50,D13,COMO,COMO.AOS.S2,2019-06-18T16:29Z,COMO.SS.20190618,COMO.SS.20190618,,,20200224T171505Z
8af58d8c-4abd-4dff-bf58-062224399e60,D13,COMO,COMO.AOS.S2,2019-06-20T15:41Z,COMO.SS.20190620,COMO.SS.20190620,,,20200224T171505Z
40bb6d4f-e187-4e21-98bf-d110f45f4092,D13,COMO,COMO.AOS.S2,2019-06-25T15:49Z,COMO.SS.20190625,COMO.SS.20190625,,,20200224T171505Z
90ef82ed-453e-4621-aa54-28d40f4b70a7,D13,COMO,COMO.AOS.S2,2019-06-27T16:10Z,COMO.SS.20190627,COMO.SS.20190627,,,20200224T171505Z
d6e89a1d-c142-42be-8283-64b0e754549f,D13,COMO,COMO.AOS.S2,2019-07-08T16:17Z,COMO.SS.20190708,COMO.SS.20190708,,,20200224T170705Z
15efef5f-14b0-4eb8-a08b-ffb8b47731a3,D13,COMO,COMO.AOS.S2,2019-07-11T14:59Z,COMO.SS.20190711,COMO.SS.20190711,,,20200224T170705Z
bf64886a-006d-4260-905f-d545b9b567fd,D13,COMO,COMO.AOS.S2,2019-07-16T16:50Z,COMO.SS.20190716,COMO.SS.20190716,,,20200224T170705Z
44aec334-d286-433f-9116-64dd0455f819,D13,COMO,COMO.AOS.S2,2019-07-16T16:50Z,COMO.SS.20190716,COMO.SS.20190716.2,,,20200224T170705Z
617d5ff4-7c1e-415f-bffa-2d49d1312dd1,D13,COMO,COMO.AOS.S2,2019-07-16T16:50Z,COMO.SS.20190716,COMO.SS.20190716.3,,,20200224T170705Z
4afe666b-2161-4e1e-8ccf-db59303b87a3,D13,COMO,COMO.AOS.S2,2019-07-22T15:34Z,COMO.SS.20190722,COMO.SS.20190722,,,20200224T170705Z
63680be7-dea4-4870-af1b-d3c711333f5c,D13,COMO,COMO.AOS.S2,2019-08-05T16:20Z,COMO.SS.20190805,COMO.SS.20190805,,,20200224T170612Z
1b735a56-3873-4b52-bd44-8096cc919c9c,D13,COMO,COMO.AOS.S2,2019-08-20T16:23Z,COMO.SS.20190820,COMO.SS.20190820,,,20200224T170612Z
b97d12b7-2cc7-4985-81eb-d6b2f368d765,D13,COMO,COMO.AOS.S2,2019-08-22T15:45Z,COMO.SS.20190822,COMO.SS.20190822,,,20200224T170612Z
024d2f99-8d63-473d-a104-4fea092b4776,D13,COMO,COMO.AOS.S2,2019-09-17T15:47Z,COMO.SS.20190917,COMO.SS.20190917,,,20200224T170339Z
701c9770-44b7-4cb1-b1c6-cdf9272aa64d,D13,COMO,COMO.AOS.S2,2019-09-24T17:06Z,COMO.SS.20190924,COMO.SS.20190924,,,20200224T170339Z
73717f89-c95d-450d-926e-aba616853f0e,D13,COMO,COMO.AOS.S2,2019-10-15T16:00Z,COMO.SS.20191015,COMO.SS.20191015,,,20200309T153640Z
dd0f4733-4407-437e-90fd-07b6a1a5f849,D13,COMO,COMO.AOS.S2,2019-11-19T18:15Z,COMO.SS.20191119,COMO.SS.20191119.2,,,20200406T161120Z
b70231bc-6128-40dd-a8c6-51e42b95d423,D13,COMO,COMO.AOS.S2,2019-11-19T18:15Z,COMO.SS.20191119,COMO.SS.20191119,,,20200406T161120Z
f3d85469-c18c-4a5c-9e40-b3185f810e2d,D13,COMO,COMO.AOS.S2,2019-11-19T18:15Z,COMO.SS.20191119,COMO.SS.20191119.3,,,20200406T161120Z
71b4ac05-d1cd-4c52-9859-d8f36ba246e5,D13,COMO,COMO.AOS.S2,2019-12-17T17:45Z,COMO.SS.20191217,COMO.SS.20191217,,,20200504T161049Z
061cab36-aa2c-461b-a6f7-71c56a815ca9,D13,COMO,COMO.AOS.S2,2020-01-14T17:30Z,COMO.SS.20200114,COMO.SS.20200114,,,20200601T133608Z
1e507270-0c2d-4b25-b22e-1642346919b0,D13,COMO,COMO.AOS.S2,2020-02-11T18:56Z,COMO.SS.20200211,COMO.SS.20200211,,,20200406T151433Z
75f1e01e-5029-4713-9be3-9d3bae6fa50c,D13,COMO,COMO.AOS.S2,2020-03-10T16:14Z,COMO.SS.20200310,COMO.SS.20200310.2,,,20200504T154852Z
d009b7eb-5c7e-4e40-870c-ea3a70c74212,D13,COMO,COMO.AOS.S2,2020-03-10T16:14Z,COMO.SS.20200310,COMO.SS.20200310.3,,,20200504T154852Z
5d42adf8-ec88-4e76-8e39-92f4aa532100,D13,COMO,COMO.AOS.S2,2020-03-10T16:14Z,COMO.SS.20200310,COMO.SS.20200310,,,20200504T154852Z
196ffd04-6952-4d8f-97dd-4491221f2e61,D17,BIGC,BIGC.AOS.S2,2018-03-07T17:31Z,BIGC.SS.20180307,BIGC.SS.20180307,,,20200224T174914Z
0bf8fdcf-3cd6-43ce-8005-c69b2727b7b7,D17,BIGC,BIGC.AOS.S2,2018-03-13T16:24Z,BIGC.SS.20180313,BIGC.SS.20180313,,,20200224T174914Z
bfcdf558-f0aa-4a7b-8fa0-c28172cf7fa9,D17,BIGC,BIGC.AOS.S2,2018-03-28T17:34Z,BIGC.SS.20180328,BIGC.SS.20180328,,,20200224T174914Z
4da559da-d6f3-4842-816c-e576b341f30f,D17,BIGC,BIGC.AOS.S2,2018-04-03T16:34Z,BIGC.SS.20180403,BIGC.SS.20180403,,,20200224T174924Z
8611b8aa-5a18-43ac-9660-e5310eaea83a,D17,BIGC,BIGC.AOS.S2,2018-04-10T17:35Z,BIGC.SS.20180410,BIGC.SS.20180410,,,20200224T174924Z
8b53b660-f1ff-4edc-bba1-b89b0a3e74e0,D17,BIGC,BIGC.AOS.S2,2018-04-23T17:05Z,BIGC.SS.20180423,BIGC.SS.20180423,,,20200224T174924Z
8c3e11ee-a328-41b6-a050-6ffbc6265fb2,D17,BIGC,BIGC.AOS.S2,2018-04-30T16:58Z,BIGC.SS.20180430,BIGC.SS.20180430,,,20200224T174924Z
d7d78314-e2bf-492c-b726-4e40ee6896b6,D17,BIGC,BIGC.AOS.S2,2018-05-08T04:46Z,BIGC.SS.20180507,BIGC.SS.20180507,,,20200224T174956Z
06cf04b2-d4b2-43a0-b03c-667c49d2621b,D17,BIGC,BIGC.AOS.S2,2018-05-08T18:27Z,BIGC.SS.20180508,BIGC.SS.20180508,,,20200224T174956Z
8d7066a1-8066-4041-b73b-8adcfaf68f78,D17,BIGC,BIGC.AOS.S2,2018-05-14T16:21Z,BIGC.SS.20180514,BIGC.SS.20180514,,,20200224T174956Z
558e7c21-3b9a-4579-8ee0-31d6b92930e2,D17,BIGC,BIGC.AOS.S2,2018-05-21T17:17Z,BIGC.SS.20180521,BIGC.SS.20180521,,,20200224T174956Z
e1a1a745-51ff-4e5b-8375-6c8668474490,D17,BIGC,BIGC.AOS.S2,2018-05-29T18:08Z,BIGC.SS.20180529,BIGC.SS.20180529,,,20200224T174956Z
f43d6a3f-40a4-45ad-a2fd-4cff86c15e8c,D17,BIGC,BIGC.AOS.S2,2018-06-04T18:27Z,BIGC.SS.20180604,BIGC.SS.20180604,,,20200224T173707Z
b9944020-91e2-474e-9556-1379ee17e7c1,D17,BIGC,BIGC.AOS.S2,2018-06-05T17:25Z,BIGC.SS.20180605,BIGC.SS.20180605,,,20200224T173707Z
ee0306b8-809b-478c-970e-4e7104d6ac5e,D17,BIGC,BIGC.AOS.S2,2018-06-13T06:28Z,BIGC.SS.20180612,BIGC.SS.20180612,,,20200224T173707Z
7531204b-99e4-416a-9969-b075d8ca9cf3,D17,BIGC,BIGC.AOS.S2,2018-06-25T16:31Z,BIGC.SS.20180625,BIGC.SS.20180625,,,20200224T173707Z
7595cfc7-e6a2-46b6-80a1-70684952ed1a,D17,BIGC,BIGC.AOS.S2,2018-07-02T17:26Z,BIGC.SS.20180702,BIGC.SS.20180702,,,20200224T173729Z
94cf0cba-c22f-4f6a-86ef-ab90aa177762,D17,BIGC,BIGC.AOS.S2,2018-08-14T16:03Z,BIGC.SS.20180814,BIGC.SS.20180814,,,20200224T173751Z
3ca4788a-b71a-4501-b351-080d568aa9c9,D17,BIGC,BIGC.AOS.S2,2018-09-11T17:00Z,BIGC.SS.20180911,BIGC.SS.20180911,,,20200224T180228Z
0c4ede37-d338-4a43-990e-1a84f2d9f880,D17,BIGC,BIGC.AOS.S2,2018-09-18T16:32Z,BIGC.SS.20180918,BIGC.SS.20180918,,,20200224T180228Z
085811c1-1ecf-49a2-997e-29352c7c93de,D17,BIGC,BIGC.AOS.S2,2018-10-09T17:28Z,BIGC.SS.20181009,BIGC.SS.20181009,,,20200224T175200Z
03f4cd1e-0773-4dcd-b216-b43186fbec3f,D17,BIGC,BIGC.AOS.S2,2018-11-06T17:22Z,BIGC.SS.20181106,BIGC.SS.20181106,,,20200224T175220Z
e407d127-9514-40e8-8d49-6a731842108f,D17,BIGC,BIGC.AOS.S2,2018-12-04T18:45Z,BIGC.SS.20181204,BIGC.SS.20181204,,,20200224T175030Z
14e69187-afba-4601-b914-8c4f3ed3c92d,D17,BIGC,BIGC.AOS.S2,2019-01-28T17:45Z,BIGC.SS.20190128,BIGC.SS.20190128,,,20200224T174848Z
bd6eac16-904b-4515-a107-9388c03f0379,D17,BIGC,BIGC.AOS.S2,2019-03-04T19:54Z,BIGC.SS.20190304,BIGC.SS.20190304,,,20200224T174928Z
00dc82a9-a70e-4624-9747-affd8a796953,D17,BIGC,BIGC.AOS.S2,2019-03-12T18:02Z,BIGC.SS.20190312,BIGC.SS.20190312,,,20200224T174928Z
9e29c0ba-7f39-405e-a703-db6c8f2b7933,D17,BIGC,BIGC.AOS.S2,2019-03-26T17:00Z,BIGC.SS.20190326,BIGC.SS.20190326,,,20200224T174928Z
c7091699-5487-45a0-afc9-e7869f1fea84,D17,BIGC,BIGC.AOS.S2,2019-04-02T17:03Z,BIGC.SS.20190402,BIGC.SS.20190402,,,20200224T175000Z
f10bb7e4-f787-4926-8ddd-cba279d09bf7,D17,BIGC,BIGC.AOS.S2,2019-04-09T16:46Z,BIGC.SS.20190409,BIGC.SS.20190409,,,20200224T175000Z
da510d16-21da-4ee5-b1de-28e88d90fc17,D17,BIGC,BIGC.AOS.S2,2019-04-17T16:55Z,BIGC.SS.20190417,BIGC.SS.20190417,,,20200224T175000Z
98f76c08-1fce-45fd-8181-259442e1aeff,D17,BIGC,BIGC.AOS.S2,2019-04-22T16:30Z,BIGC.SS.20190422,BIGC.SS.20190422,,,20200224T175000Z
decb363b-8bcc-40c9-838d-8e365714d7c9,D17,BIGC,BIGC.AOS.S2,2019-04-29T17:35Z,BIGC.SS.20190429,BIGC.SS.20190429,,,20200224T175000Z
9083ce82-0144-41de-bb3d-816d3f41666b,D17,BIGC,BIGC.AOS.S2,2019-05-06T18:03Z,BIGC.SS.20190506,BIGC.SS.20190506,,,20200224T173711Z
68908b70-2706-4b30-9d27-bbd386688bf4,D17,BIGC,BIGC.AOS.S2,2019-05-07T16:46Z,BIGC.SS.20190507,BIGC.SS.20190507,,,20200224T173711Z
52a2df0c-a42b-44c8-b4df-6441135efd5c,D17,BIGC,BIGC.AOS.S2,2019-05-13T16:48Z,BIGC.SS.20190513,BIGC.SS.20190513,,,20200224T173711Z
ac6ea0b8-aff4-4ca6-a3ae-4f8783c4be99,D17,BIGC,BIGC.AOS.S2,2019-05-22T20:55Z,BIGC.SS.20190522,BIGC.SS.20190522,,,20200224T173711Z
21df9ccc-b88d-4d72-9509-6857b54d8c9f,D17,BIGC,BIGC.AOS.S2,2019-05-28T17:36Z,BIGC.SS.20190528,BIGC.SS.20190528,,,20200224T173711Z
e7552237-d109-4e5d-bbec-b89a259e33ac,D17,BIGC,BIGC.AOS.S2,2019-06-03T23:15Z,BIGC.SS.20190603,BIGC.SS.20190603,,,20200224T173733Z
93ffce6e-46f5-405c-86ed-194efcdb5c15,D17,BIGC,BIGC.AOS.S2,2019-06-04T17:45Z,BIGC.SS.20190604,BIGC.SS.20190604,,,20200224T173733Z
9af602f9-3ff5-421e-a8bf-696145f6fd42,D17,BIGC,BIGC.AOS.S2,2019-06-12T17:25Z,BIGC.SS.20190612,BIGC.SS.20190612,,,20200224T173733Z
001fd58c-3abc-46af-9b36-f7a67df428ae,D17,BIGC,BIGC.AOS.S2,2019-06-24T18:02Z,BIGC.SS.20190624,BIGC.SS.20190624,,,20200224T173733Z
0ea72e2b-1fec-4562-98bb-df8fea819d55,D17,BIGC,BIGC.AOS.S2,2019-07-01T17:33Z,BIGC.SS.20190701,BIGC.SS.20190701,,,20200224T173755Z
fdb69700-ec2e-406e-96d7-4b5f5bd45a11,D17,BIGC,BIGC.AOS.S2,2019-07-01T17:33Z,BIGC.SS.20190701,BIGC.SS.20190701.3,,,20200224T173755Z
26d51ee5-806e-47f0-a8b7-05a3e93d5e60,D17,BIGC,BIGC.AOS.S2,2019-07-01T17:33Z,BIGC.SS.20190701,BIGC.SS.20190701.2,,,20200224T173755Z
c8ca11d1-8fcb-4958-8cd0-d25b257991fa,D17,BIGC,BIGC.AOS.S2,2019-07-15T17:12Z,BIGC.SS.20190715,BIGC.SS.20190715,,,20200224T173755Z
0b3e0e67-b8f2-4eb9-90a9-c099f28f0b5b,D17,BIGC,BIGC.AOS.S2,2019-08-14T19:45Z,BIGC.SS.20190814,BIGC.SS.20190814,,,20200224T180232Z
73cc9792-86bc-4a6e-9efd-b5d495b37de4,D17,BIGC,BIGC.AOS.S2,2019-09-04T18:40Z,BIGC.SS.20190904,BIGC.SS.20190904,,,20200224T175204Z
0c27abca-87b7-44e3-b1e3-b20ece565966,D17,BIGC,BIGC.AOS.S2,2019-09-10T17:01Z,BIGC.SS.20190910,BIGC.SS.20190910,,,20200224T175204Z
22051cd1-6c4f-45fa-bb36-7f6ea0a23097,D17,BIGC,BIGC.AOS.S2,2019-09-18T17:41Z,BIGC.SS.20190918,BIGC.SS.20190918,,,20200224T175204Z
b18611d6-6c1a-4fa5-866e-7438aa68a66f,D17,BIGC,BIGC.AOS.S2,2019-10-08T18:00Z,BIGC.SS.20191008,BIGC.SS.20191008,,,20200309T160257Z
1114edd5-d335-4cce-a3d6-ad412694fe3d,D17,BIGC,BIGC.AOS.S2,2019-11-05T18:06Z,BIGC.SS.20191105,BIGC.SS.20191105,,,20200406T145137Z
594d3a8c-4d68-4285-82ef-79138ab6f8c9,D17,BIGC,BIGC.AOS.S2,2019-12-04T18:25Z,BIGC.SS.20191204,BIGC.SS.20191204,,,20200504T154731Z
d9026ff2-74eb-4797-9ad2-d3b55260df8e,D17,BIGC,BIGC.AOS.S2,2019-12-04T18:25Z,BIGC.SS.20191204,BIGC.SS.20191204.3,,,20200504T154731Z
8112a55f-27b6-4633-8bb6-9a98db42e2d8,D17,BIGC,BIGC.AOS.S2,2019-12-04T18:25Z,BIGC.SS.20191204,BIGC.SS.20191204.2,,,20200504T154731Z
83cafcee-5ab9-4de7-b4a5-7d959613bd98,D17,BIGC,BIGC.AOS.S2,2020-01-07T18:45Z,BIGC.SS.20200107,BIGC.SS.20200107,,,20200601T135401Z
8baf0f6b-94bc-494d-9079-eb9d2708c8f7,D17,BIGC,BIGC.AOS.S2,2020-02-11T17:13Z,BIGC.SS.20200211,BIGC.SS.20200211,,,20200406T153425Z
50b1bf1c-d5dc-46b2-88a5-dc363a10b366,D17,BIGC,BIGC.AOS.S2,2020-02-25T17:49Z,BIGC.SS.20200225,BIGC.SS.20200225,,,20200406T153425Z
0fc9207c-da04-4788-a747-999b9509193c,D17,BIGC,BIGC.AOS.S2,2020-03-10T17:52Z,BIGC.SS.20200310,BIGC.SS.20200310,,,20200504T145317Z
