uid,domainID,siteID,namedLocation,collectDate,referenceAirSampleID,referenceAirSampleCode,airVolumeSample,remarks,lowAirVolumeQF,sdgAirDataQF,publicationDate
60e5b6ae-c023-4946-8399-26721eefcdb5,D01,HOPB,HOPB,2016-09-06T15:25Z,HOPB.SS.20160906.AIR,,16,,0,,20200224T172211Z
f516a51b-14b6-4c82-9d09-648c62fbfe7a,D01,HOPB,HOPB,2016-09-22T13:45Z,HOPB.SS.20160922.AIR,,17,,0,,20200224T172211Z
ad65b035-787b-4fff-830a-6b917a9b6443,D01,HOPB,HOPB,2016-10-18T13:45Z,HOPB.SS.20161018.AIR,,20,,0,,20200224T164538Z
d59e49bc-fef7-409a-bb3a-72d9171690f8,D01,HOPB,HOPB,2016-11-10T14:50Z,HOPB.SS.20161110.AIR,,16,,0,,20200224T164511Z
d0402989-b66a-4e3a-8b2d-b85ad614ea5c,D01,HOPB,HOPB,2016-11-17T14:35Z,HOPB.SS.20161117.AIR,,18,,0,,20200224T164511Z
79900ce1-a7ee-491b-b6c5-e20301ff1f7c,D01,HOPB,HOPB,2016-12-07T14:40Z,HOPB.SS.20161207.AIR,,19,,0,,20200224T164125Z
e93a95d9-af7d-42c9-add1-0ded5f1b14e7,D01,HOPB,HOPB,2016-12-14T14:50Z,HOPB.SS.20161214.AIR,,20,,0,,20200224T164125Z
609a4fa1-56ad-427b-a2f1-2b456ebe969c,D01,HOPB,HOPB,2017-01-17T15:05Z,HOPB.SS.20170117.AIR,,15,,0,,20200224T170627Z
df07b238-56bd-495f-9ee4-69cf06a3b56e,D01,HOPB,HOPB,2017-01-25T14:48Z,HOPB.SS.20170125.AIR,,19,,0,,20200224T170627Z
e5cba203-1507-42fd-bb62-4710e2581f4f,D01,HOPB,HOPB,2017-02-14T15:25Z,HOPB.SS.20170214.AIR,,19,,0,,20200224T170528Z
bd503077-d480-41bd-bd6c-520896ae0e4c,D01,HOPB,HOPB,2017-02-21T14:35Z,HOPB.SS.20170221.AIR,,17,,0,,20200224T170528Z
2cb86fc5-7567-4530-99b1-73381ac3f855,D01,HOPB,HOPB,2017-03-06T15:35Z,HOPB.SS.20170306.AIR,,20,,0,,20200224T172039Z
142c81ee-8111-4a6e-9888-1b1fa9385b6f,D01,HOPB,HOPB,2017-03-16T14:30Z,HOPB.SS.20170316.AIR,,20,,0,,20200224T172039Z
e665083e-8bf6-45d7-b4cc-9fe00e8b844b,D01,HOPB,HOPB,2017-03-20T13:00Z,HOPB.SS.20170320.AIR,,20,,0,,20200224T172039Z
8bc3ca45-436b-4282-8b28-5aa68725a04a,D01,HOPB,HOPB,2017-03-29T15:30Z,HOPB.SS.20170329.AIR,,17,,0,,20200224T172039Z
3112107c-4ec0-4785-8a87-48ad74614ab2,D01,HOPB,HOPB,2017-04-11T13:30Z,HOPB.SS.20170411.AIR,,18,,0,,20200224T171809Z
af10a1ac-7136-41d6-8982-84e6003d44b5,D01,HOPB,HOPB,2017-04-17T13:30Z,HOPB.SS.20170417.AIR,,19,,0,,20200224T171809Z
5cde616c-3eaf-4aeb-8f3b-313ecbbaac22,D01,HOPB,HOPB,2017-04-26T13:50Z,HOPB.SS.20170426.AIR,,18,,0,,20200224T171809Z
62476408-92b5-43f3-95ce-02c29ec2205c,D01,HOPB,HOPB,2017-05-09T13:49Z,HOPB.SS.20170509.AIR,,18,,0,,20200224T171626Z
279f2230-c668-4883-b4c1-e079abc4094b,D01,HOPB,HOPB,2017-05-15T13:55Z,HOPB.SS.20170515.AIR,,18,,0,,20200224T171626Z
5c7c1dc4-91ac-45da-bc02-1a3012897f03,D01,HOPB,HOPB,2017-05-31T12:54Z,HOPB.SS.20170531.AIR,,17,,0,,20200224T171626Z
a4e98843-618b-482f-944e-784a3f2d18f9,D01,HOPB,HOPB,2017-06-20T13:09Z,HOPB.SS.20170620.AIR,,16,,0,,20200224T171415Z
25ebb208-01d6-4c15-ae2a-a8202d564f7c,D01,HOPB,HOPB,2017-07-10T16:08Z,HOPB.SS.20170710.AIR,,20,,0,,20200224T171137Z
8424fbd6-1c92-48f8-88b9-0fbe4ae158ec,D01,HOPB,HOPB,2017-07-25T12:42Z,HOPB.SS.20170725.AIR,,19,,0,,20200224T171137Z
6a9c86fb-6626-44eb-920c-a3c60c706998,D01,HOPB,HOPB,2017-08-08T13:22Z,HOPB.SS.20170808.AIR,,20,,0,,20200224T172159Z
6b564944-2e6e-4cd4-b647-c933adac2427,D01,HOPB,HOPB,2017-09-06T12:37Z,HOPB.SS.20170906.AIR,,19,,0,,20200224T164542Z
2ed0bb91-7819-4ba1-b762-156dfbc4c95f,D01,HOPB,HOPB,2017-09-12T13:22Z,HOPB.SS.20170912.AIR,,18,,0,,20200224T164542Z
8fb2db22-46ba-4662-8693-7045bc1b3928,D01,HOPB,HOPB,2017-10-17T12:49Z,HOPB.SS.20171017.AIR,,18,,0,,20200224T164507Z
a73862ce-02e5-4393-95f7-9ee983948028,D01,HOPB,HOPB,2017-11-07T14:54Z,HOPB.SS.20171107.AIR,,17,,0,,20200224T164109Z
ea447f45-7ea8-4cf3-8c6b-0bd733459821,D01,HOPB,HOPB,2017-11-13T14:45Z,HOPB.SS.20171113.AIR,,17,,0,,20200224T164109Z
2070cc66-fc7d-44a4-8855-eed6d96fbb86,D01,HOPB,HOPB,2017-12-06T19:33Z,HOPB.SS.20171206.AIR,,18,,0,,20200224T163947Z
4866bef0-e689-42ff-8dd0-77713932b41c,D01,HOPB,HOPB,2017-12-12T14:20Z,HOPB.SS.20171212.AIR,,16,,0,,20200224T163947Z
46415a1d-a151-426f-9304-f85e8a49fddf,D01,HOPB,HOPB,2018-01-25T14:42Z,HOPB.SS.20180125.AIR,,18,,0,,20200224T170524Z
e354f42e-d502-45e0-b2a7-0e9923875be5,D01,HOPB,HOPB,2018-02-14T14:51Z,HOPB.SS.20180214.AIR,,18,,0,,20200224T172042Z
7b1443d6-7bf4-42d0-be97-f5a10f5e7656,D01,HOPB,HOPB,2018-02-20T15:12Z,HOPB.SS.20180220.AIR,,18,,0,,20200224T172042Z
50496d7e-fc11-4977-a210-1877fc27dbf8,D01,HOPB,HOPB,2018-02-28T14:18Z,HOPB.SS.20180228.AIR,,18,,0,,20200224T172042Z
0f0dcb21-4a48-4467-91d9-08fcac0590d3,D01,HOPB,HOPB,2018-03-06T14:34Z,HOPB.SS.20180306.AIR,"",18,,0,,20200224T171801Z
b6eaf13e-c7fa-4222-933b-27f6a3396254,D01,HOPB,HOPB,2018-03-12T14:55Z,HOPB.SS.20180312.AIR,"",18,,0,,20200224T171801Z
babe0e3f-bd8c-4e78-89a6-732a74559cf3,D01,HOPB,HOPB,2018-03-19T13:27Z,HOPB.SS.20180319.AIR,"",18,,0,,20200224T171801Z
0ae5baaa-1f47-41bf-b301-f0d215130893,D01,HOPB,HOPB,2018-03-29T13:58Z,HOPB.SS.20180329.AIR,A00000001191,18,,0,,20200224T171801Z
99af6419-c9d9-4afa-9dc5-eb340dfaddb4,D01,HOPB,HOPB,2018-04-05T14:49Z,HOPB.SS.20180405.AIR,A00000001199,18,,0,,20200224T171614Z
bbdde2e4-bf8a-4ae1-a0e3-8d189117cf9c,D01,HOPB,HOPB,2018-04-10T13:36Z,HOPB.SS.20180410.AIR,A00000001220,18,,0,,20200224T171614Z
04b8e49a-cbd5-425d-808c-303eda8755d8,D01,HOPB,HOPB,2018-04-16T13:46Z,HOPB.SS.20180416.AIR,A00000000088,18,,0,,20200224T171614Z
8d9edce4-ede9-4d2c-a47e-423301262c52,D01,HOPB,HOPB,2018-04-25T14:45Z,HOPB.SS.20180425.AIR,A00000000475,18,,0,,20200224T171614Z
95a65484-977f-41b7-960e-88119386ae33,D01,HOPB,HOPB,2018-05-14T13:50Z,HOPB.SS.20180514.AIR,A00000000178,18,,0,,20200224T171411Z
a2178185-8e09-4973-b185-1c23ab217577,D01,HOPB,HOPB,2018-05-22T14:24Z,HOPB.SS.20180522.AIR,A00000000524,18,,0,,20200224T171411Z
31a44210-8529-4556-9804-c9419e1f5c76,D01,HOPB,HOPB,2018-06-04T14:59Z,HOPB.SS.20180604.AIR,A00000001117,18,,0,,20200224T171141Z
8ba980fa-7f44-45f9-9d1d-f051434f4ebf,D01,HOPB,HOPB,2018-06-19T14:00Z,HOPB.SS.20180619.AIR,A00000000681,18,,0,,20200224T171141Z
9885f0d2-8100-4ff2-90b2-31e2fa3fd865,D01,HOPB,HOPB,2018-07-11T14:34Z,HOPB.SS.20180711.AIR,A00000000840,18,,0,,20200224T172204Z
dfebfdda-aca6-4d57-bd75-9f9a1ddedcfb,D01,HOPB,HOPB,2018-07-17T15:39Z,HOPB.SS.20180717.AIR,A00000000908,18,,0,,20200224T172204Z
fd1de839-c81d-4846-aecd-f998d9efcaf9,D01,HOPB,HOPB,2018-08-14T13:02Z,HOPB.SS.20180814.AIR,,18,,0,,20200224T164546Z
dcec9793-f243-4895-99bf-80203b87122b,D01,HOPB,HOPB,2018-09-06T13:22Z,HOPB.SS.20180906.AIR,A00000032160,18,,0,,20200224T164514Z
f68a4556-1631-4065-a135-ef8bf58f92fa,D01,HOPB,HOPB,2018-09-25T13:11Z,HOPB.SS.20180925.AIR,A00000032225,18,,0,,20200224T164514Z
9ed49b25-75de-41ec-8fa2-d4f396b61156,D01,HOPB,HOPB,2018-10-09T15:30Z,HOPB.SS.20181009.AIR,A00000032612,18,,0,,20200224T164112Z
aa8ea257-3664-4212-b4fe-53dc916fd9bf,D01,HOPB,HOPB,2018-11-06T14:17Z,HOPB.SS.20181106.AIR,A00000032852,20,,0,,20200224T163937Z
f925c3cc-96a1-46ee-b775-79bcbe3f5029,D01,HOPB,HOPB,2018-11-13T07:53Z,HOPB.SS.20181113.AIR,A00000033009,20,,0,,20200224T163937Z
ca10b5bc-b692-4642-801d-5a016e54f194,D01,HOPB,HOPB,2018-12-04T15:12Z,HOPB.SS.20181204.AIR,A00000032973,20,,0,,20200224T164708Z
15c5a8f0-0c93-4976-ba16-fab733f4e6c8,D01,HOPB,HOPB,2018-12-10T15:13Z,HOPB.SS.20181210.AIR,A00000032988,20,,0,,20200224T164708Z
ee6987ed-6aa7-4bdf-b62a-1796fb98a453,D01,HOPB,HOPB,2019-01-24T15:13Z,HOPB.SS.20190124.AIR,A00000032987,20,,0,,20200224T172047Z
92995c6e-b200-4b05-9308-3821e2f9436e,D01,HOPB,HOPB,2019-01-29T15:47Z,HOPB.SS.20190129.AIR,A00000032933,18,,0,,20200224T172047Z
c1842bc8-a769-4c58-a1c9-ce8854396235,D01,HOPB,HOPB,2019-02-14T14:17Z,HOPB.SS.20190214.AIR,A00000032982,18,,0,,20200224T171813Z
f9915ccd-d1cd-49a0-8bae-213262bef6ca,D01,HOPB,HOPB,2019-02-26T14:45Z,HOPB.SS.20190226.AIR,A00000032930,18,,0,,20200224T171813Z
957bb20b-e4fc-4764-8ee6-e5e7a8cc313d,D01,HOPB,HOPB,2019-03-06T15:09Z,HOPB.SS.20190306.AIR,A00000033564,18,,0,,20200224T171619Z
9bbc3f97-b204-42e1-b25e-ec429d2df5d6,D01,HOPB,HOPB,2019-03-12T14:30Z,HOPB.SS.20190312.AIR,A00000033649,18,,0,,20200224T171619Z
7bf17531-0b30-4c28-bca7-89b4a1c937ea,D01,HOPB,HOPB,2019-03-21T14:47Z,HOPB.SS.20190321.AIR,A00000033628,18,,0,,20200224T171619Z
37e993bf-ebae-429a-8b00-680513eca37b,D01,HOPB,HOPB,2019-03-28T14:04Z,HOPB.SS.20190328.AIR,A00000033144,18,,0,,20200224T171619Z
e15ec963-f0dc-404e-b3f9-7774315c74be,D01,HOPB,HOPB,2019-04-04T13:07Z,HOPB.SS.20190404.AIR,A00000033151,18,,0,,20200224T171407Z
c11b170f-befd-4794-b9e9-cdbe62e5c066,D01,HOPB,HOPB,2019-04-09T15:07Z,HOPB.SS.20190409.AIR,A00000033164,18,,0,,20200224T171407Z
7e9dacca-ba73-4aee-b977-b7ebf79e3cfe,D01,HOPB,HOPB,2019-04-25T13:39Z,HOPB.SS.20190425.AIR,A00000033280,18,,0,,20200224T171407Z
2e7cb804-aec4-421b-93ba-3b0450533e5a,D01,HOPB,HOPB,2019-05-13T14:16Z,HOPB.SS.20190513.AIR,A00000033320,18,,0,,20200224T171144Z
a2c9706e-c27f-4595-a3ad-271702b266bb,D01,HOPB,HOPB,2019-05-21T13:20Z,HOPB.SS.20190521.AIR,A00000033333,18,,0,,20200224T171144Z
22a91e8d-c7ba-4d1f-974b-c7e9cce65566,D01,HOPB,HOPB,2019-06-03T14:09Z,HOPB.SS.20190603.AIR,A00000066827,18,,0,,20200224T172207Z
f8826f40-30e5-4420-a489-3607057856f7,D01,HOPB,HOPB,2019-06-03T14:20Z,HOPB.SS.20190603.AIR.2,A00000033474,18,,0,,20200224T172207Z
3193f8b7-2829-4898-9f4c-59486e604fa2,D01,HOPB,HOPB,2019-06-03T14:28Z,HOPB.SS.20190603.AIR.3,A00000033473,18,,0,,20200224T172207Z
210e4363-cea3-411b-a1ca-77f48c5f7bbb,D01,HOPB,HOPB,2019-06-24T13:37Z,HOPB.SS.20190624.AIR,A00000066940,18,,0,,20200224T172207Z
60a4f13d-487d-445f-bc1a-69328da38527,D01,HOPB,HOPB,2019-07-11T12:50Z,HOPB.SS.20190711.AIR,A00000067573,18,,0,,20200224T164549Z
c09b55d2-0af2-47d1-b141-0a2b8de7f2c5,D01,HOPB,HOPB,2019-07-17T12:54Z,HOPB.SS.20190717.AIR,A00000067806,18,,0,,20200224T164549Z
8e4fb617-5586-4130-b73f-6a5387d42d89,D01,HOPB,HOPB,2019-08-13T14:09Z,HOPB.SS.20190813.AIR,A00000068037,22,,0,,20200224T164503Z
cf9f425f-c283-4212-900d-b70fa21aa9b0,D01,HOPB,HOPB,2019-09-09T15:36Z,HOPB.SS.20190909.AIR,A00000068185,18,,0,,20200224T164106Z
9796402a-e6a4-400a-ad23-90635cae06d4,D01,HOPB,HOPB,2019-09-24T13:42Z,HOPB.SS.20190924.AIR,A00000126036,20,,0,,20200224T164106Z
78e4b172-9b4f-4beb-8715-8c507c61a67b,D01,HOPB,HOPB,2019-10-09T14:43Z,HOPB.SS.20191009.AIR,A00000125964,20,,0,,20200309T145534Z
817eede6-422f-44a7-96c3-ab2f5596efd3,D01,HOPB,HOPB,2019-11-05T15:28Z,HOPB.SS.20191105.AIR,A00000126194,18,,0,,20200406T154653Z
1176ad90-9805-4b16-a37d-9be65f3e624f,D01,HOPB,HOPB,2019-11-13T15:52Z,HOPB.SS.20191113.AIR,A00000126206,18,,0,,20200406T154653Z
3e1cbe7a-ddcb-4c49-b42c-54de4b68a22c,D01,HOPB,HOPB,2019-12-04T15:14Z,HOPB.SS.20191204.AIR,A00000126253,18,,0,,20200504T144603Z
5bbb3c9d-7f1a-4a95-830a-32bb0eef5d01,D01,HOPB,HOPB,2019-12-04T15:29Z,HOPB.SS.20191204.AIR.2,A00000126235,18,,0,,20200504T144603Z
2fcbaf30-fd56-485e-b900-584381d5ace1,D01,HOPB,HOPB,2019-12-04T15:41Z,HOPB.SS.20191204.AIR.3,A00000126236,18,,0,,20200504T144603Z
b1cbdef3-939a-493f-a552-3b67b45446d7,D01,HOPB,HOPB,2019-12-09T14:22Z,HOPB.SS.20191209.AIR,A00000126217,18,,0,,20200504T144603Z
4ea10e68-873e-4b47-83aa-3f3ccf292a34,D01,HOPB,HOPB,2020-01-21T16:29Z,HOPB.SS.20200121.AIR,A00000126231,18,,0,,20200601T135210Z
5cc4604f-3f1c-4b71-a9e6-98e94a0a4a7c,D01,HOPB,HOPB,2020-01-27T16:37Z,HOPB.SS.20200127.AIR,A00000126232,18,,0,,20200601T135210Z
a3d5c0ab-4ec4-400b-aba9-8f038f6e8677,D01,HOPB,HOPB,2020-02-12T15:53Z,HOPB.SS.20200212.AIR,A00000126229,18,,0,,20200406T152333Z
4a579ea2-ab18-4b4a-8e0b-5bc5d923dd3b,D01,HOPB,HOPB,2020-02-25T15:49Z,HOPB.SS.20200225.AIR,A00000126225,18,,0,,20200406T152333Z
ccdd2300-83ac-4e78-864c-5d7396e84441,D01,HOPB,HOPB,2020-03-04T14:27Z,HOPB.SS.20200304.AIR,A00000126402,18,,0,,20200504T162953Z
f7e2bc94-d32c-43f8-9678-ff38c54f3b87,D01,HOPB,HOPB,2020-03-18T16:21Z,HOPB.SS.20200318.AIR,A00000126400,18,,0,,20200504T162953Z
9cd50885-cc97-433f-9eeb-252db9844c83,D03,FLNT,FLNT,2017-03-07T17:30Z,FLNT.C0.20170307.AIR,,18,,0,,20200224T170056Z
82cc5b94-eacf-4186-9755-4101cf07a934,D03,FLNT,FLNT,2017-03-14T14:38Z,FLNT.C0.20170314.AIR,,15,,0,,20200224T170056Z
97264cdf-b5d3-424d-9be5-47085553f48f,D03,FLNT,FLNT,2017-03-29T13:43Z,FLNT.C0.20170329.AIR,,16,,0,,20200224T170056Z
3f4b8778-87b3-4d99-b77b-676b1a7b7da4,D03,FLNT,FLNT,2017-04-11T14:35Z,FLNT.C0.20170411.AIR,,17,,0,,20200224T170120Z
b6c24dee-231b-4998-99cb-4b9b3d232ccd,D03,FLNT,FLNT,2017-04-18T14:15Z,FLNT.C0.20170418.AIR,,16,,0,,20200224T170120Z
a383df23-612c-4f85-bbee-e5238f53adaf,D03,FLNT,FLNT,2017-04-25T15:16Z,FLNT.C0.20170425.AIR,,18,,0,,20200224T170120Z
605465b6-0404-4b37-9bdb-2b8170e8c2f9,D03,FLNT,FLNT,2017-05-09T14:54Z,FLNT.C0.20170509.AIR,,16,,0,,20200224T171031Z
36806ea2-ab77-466b-b84a-b7100441959e,D03,FLNT,FLNT,2017-05-16T14:28Z,FLNT.C0.20170516.AIR,,16,,0,,20200224T171031Z
59657a4f-e487-42cd-a1f6-ecf99d7bb7be,D03,FLNT,FLNT,2017-06-13T13:45Z,FLNT.C0.20170613.AIR,,18,,0,,20200224T171113Z
ff5ea923-013f-4594-9b5e-668f731780fd,D03,FLNT,FLNT,2017-06-20T14:48Z,FLNT.C0.20170620.AIR,,18,,0,,20200224T171113Z
dc9887b6-61b3-4a3d-80f7-aad47488a01c,D03,FLNT,FLNT,2017-08-16T14:27Z,FLNT.C0.20170816.AIR,,16,,0,,20200224T172037Z
8e3b587b-07b0-4fc0-9df3-9b9a22dace4a,D03,FLNT,FLNT,2017-09-14T15:13Z,FLNT.C0.20170914.AIR,,16,,0,,20200224T172113Z
1f72c445-74a9-4db0-bc63-2cf9c74efa73,D03,FLNT,FLNT,2017-10-17T15:03Z,FLNT.C0.20171017.AIR,,16,,0,,20200224T172123Z
be481b03-eb9c-43c5-95f8-78669c0ef2f9,D03,FLNT,FLNT,2017-11-07T15:49Z,FLNT.C0.20171107.AIR,,18,,0,,20200224T172243Z
96c8719b-322c-4d95-ba26-cc91270f52df,D03,FLNT,FLNT,2017-11-14T14:57Z,FLNT.C0.20171114.AIR,,16,,0,,20200224T172243Z
584a9783-96a6-4657-a284-2a6dba5a91c8,D03,FLNT,FLNT,2017-12-28T14:41Z,FLNT.C0.20171228.AIR,,17,,0,,20200224T173831Z
93c257c1-4047-498c-8dd0-070002857702,D03,FLNT,FLNT,2018-01-16T16:34Z,FLNT.C0.20180116.AIR,,17,,0,,20200224T170038Z
ae355120-f45b-4afd-8fc1-eff6d0b0201a,D03,FLNT,FLNT,2018-01-23T16:30Z,FLNT.C0.20180123.AIR,,,,-1,,20200224T170038Z
974a1d56-a4a9-4d02-b275-2fea53f2a9db,D03,FLNT,FLNT,2018-01-30T16:07Z,FLNT.C0.20180130.AIR,,17,,0,,20200224T170038Z
325a26f6-c2a1-422f-b3a0-2f4696d7daa3,D03,FLNT,FLNT,2018-02-14T16:30Z,FLNT.C0.20180214.AIR,,18,,0,,20200224T170100Z
b29fc9fb-fde5-4186-9179-30ce6e796d82,D03,FLNT,FLNT,2018-02-20T14:41Z,FLNT.C0.20180220.AIR,,16,,0,,20200224T170100Z
740ae685-200f-4fb7-a7e1-93e0b60aa941,D03,FLNT,FLNT,2018-02-27T18:44Z,FLNT.C0.20180227.AIR,,16,,0,,20200224T170100Z
cdffb0e5-abbb-4276-88d9-5212ea9ef9ab,D03,FLNT,FLNT,2018-03-13T15:11Z,FLNT.C0.20180313.AIR,,17,,0,,20200224T170127Z
a9caf83a-9e4d-4276-968f-639ec3c7f3e8,D03,FLNT,FLNT,2018-03-20T14:23Z,FLNT.C0.20180320.AIR,,17,,0,,20200224T170127Z
c7705677-7d52-4266-b80c-ba4f884c900f,D03,FLNT,FLNT,2018-03-27T14:12Z,FLNT.C0.20180327.AIR,,17,,0,,20200224T170127Z
b64cccca-a5b2-48fb-9eef-7b25eacc4319,D03,FLNT,FLNT,2018-04-11T14:30Z,FLNT.C0.20180411.AIR,A00000003784,17,,0,,20200224T171036Z
b7390a1c-53c4-4d54-9eba-7da46db2ff66,D03,FLNT,FLNT,2018-04-17T14:47Z,FLNT.C0.20180417.AIR,A00000003856,16,,0,,20200224T171036Z
ea9d4e13-8f62-4836-81dc-630e991e1d10,D03,FLNT,FLNT,2018-04-25T15:00Z,FLNT.C0.20180425.AIR,A00000003864,17,,0,,20200224T171036Z
951545aa-5a12-4544-a77f-7ecc919c3586,D03,FLNT,FLNT,2018-05-15T14:33Z,FLNT.C0.20180515.AIR,A00000003816,16,,0,,20200224T171104Z
823caff0-926b-4bbf-9865-90ce00513947,D03,FLNT,FLNT,2018-05-22T14:37Z,FLNT.C0.20180522.AIR,A00000003811,17,,0,,20200224T171104Z
d2efde00-301b-4c2d-8512-255dfce9f96c,D03,FLNT,FLNT,2018-06-19T15:49Z,FLNT.C0.20180619.AIR,"",16,,0,,20200224T171136Z
bea49f7f-094f-42d9-ba60-cb1abb01f0d9,D03,FLNT,FLNT,2018-06-26T17:03Z,FLNT.C0.20180626.AIR,A00000003772,16,,0,,20200224T171136Z
048dd881-7d33-4366-8040-93d36bc57176,D03,FLNT,FLNT,2018-07-24T13:31Z,FLNT.C0.20180724.AIR,A00000003496,17,,0,,20200224T172041Z
40bf88dd-b229-477c-a901-b57acf0ebbbc,D03,FLNT,FLNT,2018-08-08T18:00Z,FLNT.C0.20180808.AIR,A00000005296,17,,0,,20200224T172104Z
72812e30-4372-4b41-8cf2-6b13b63935af,D03,FLNT,FLNT,2018-08-29T14:09Z,FLNT.C0.20180829.AIR,A00000005295,16,,0,,20200224T172104Z
bddb786f-3e2c-46d1-bf56-43aa7068d699,D03,FLNT,FLNT,2018-09-19T13:08Z,FLNT.C0.20180919.AIR,A00000005345,18,,0,,20200224T172127Z
a09752a5-4961-44e3-a4a9-eda0b3c581ce,D03,FLNT,FLNT,2018-09-25T17:17Z,FLNT.C0.20180925.AIR,A00000005339,17,,0,,20200224T172127Z
a26293f4-d8ed-4470-8f2c-d55d8fec1e49,D03,FLNT,FLNT,2018-10-23T15:32Z,FLNT.C0.20181023.AIR,,16,,0,,20200224T172234Z
b5c30528-e97d-4d6b-b3a2-e5b209e5cb51,D03,FLNT,FLNT,2018-11-13T18:18Z,FLNT.C0.20181113.AIR,A00000037255,17,,0,,20200224T173827Z
b4b8bbb1-eb90-4ef1-9557-ff3439c6bc43,D03,FLNT,FLNT,2018-11-27T15:28Z,FLNT.C0.20181127.AIR,A00000037376,17,,0,,20200224T173827Z
68ab47c9-f1dd-4166-812b-4d0f0af70794,D03,FLNT,FLNT,2019-01-22T20:00Z,FLNT.C0.20190122.AIR,A00000037352,16,,0,,20200224T170052Z
6827ef15-d170-4d7d-b36e-6aba65d4079c,D03,FLNT,FLNT,2019-02-05T18:26Z,FLNT.C0.20190205.AIR,A00000037355,17,,0,,20200224T170133Z
35c7c742-c388-4b4a-9b45-28d5b4e209ef,D03,FLNT,FLNT,2019-02-12T18:26Z,FLNT.C0.20190212.AIR,A00000037305,16,,0,,20200224T170133Z
e2070660-3f0d-4af2-b08b-dce58ced62dd,D03,FLNT,FLNT,2019-02-26T14:27Z,FLNT.C0.20190226.AIR,A00000037514,16,,0,,20200224T170133Z
626b6267-af48-4d0f-b6df-31daff053971,D03,FLNT,FLNT,2019-03-05T17:59Z,FLNT.C0.20190305.AIR,A00000037539,17,,0,,20200224T171028Z
490ac502-cad3-459a-8c1e-314bb698dc67,D03,FLNT,FLNT,2019-03-12T16:55Z,FLNT.C0.20190312.AIR,A00000037559,1,,1,,20200224T171028Z
5623ebe7-b554-497e-b75f-dc37e55d9ee4,D03,FLNT,FLNT,2019-03-20T14:18Z,FLNT.C0.20190320.AIR,A00000037436,17,,0,,20200224T171028Z
eb930cf7-d017-4cf5-8ae1-92728dfa83c0,D03,FLNT,FLNT,2019-03-26T14:14Z,FLNT.C0.20190326.AIR,A00000037448,17,,0,,20200224T171028Z
67147a96-6b38-4097-a653-b83fc9767ccd,D03,FLNT,FLNT,2019-04-02T14:11Z,FLNT.C0.20190402.AIR,A00000037458,17,,0,,20200224T171110Z
26fa9336-fe5f-4175-947b-f56d39a6d5f8,D03,FLNT,FLNT,2019-04-10T14:53Z,FLNT.C0.20190410.AIR,A00000038256,17,,0,,20200224T171110Z
32ff6083-cec2-4bc1-be1b-005b2953f51c,D03,FLNT,FLNT,2019-04-16T14:56Z,FLNT.C0.20190416.AIR,A00000038263,17,,0,,20200224T171110Z
6db6937a-fa44-4d79-b387-e495dea5f6bf,D03,FLNT,FLNT,2019-04-23T14:42Z,FLNT.C0.20190423.AIR,A00000038271,18,,0,,20200224T171110Z
073fa88e-e609-4b88-9a3f-b790f34afc63,D03,FLNT,FLNT,2019-04-30T13:03Z,FLNT.C0.20190430.AIR,A00000038279,18,,0,,20200224T171110Z
1cb86051-66ba-44b4-81f3-838acc19b81e,D03,FLNT,FLNT,2019-05-15T16:22Z,FLNT.C0.20190515.AIR,A00000038299,18,,0,,20200224T171139Z
0bde9a37-c0ff-4fac-af0a-14ede9246e08,D03,FLNT,FLNT,2019-05-15T16:24Z,FLNT.C0.20190515.AIR.2,A00000038298,18,,0,,20200224T171139Z
c54250fb-46fc-47fe-93e8-59696542a0b0,D03,FLNT,FLNT,2019-06-04T13:16Z,FLNT.C0.20190604.AIR,A00000038287,18,,0,,20200224T172045Z
38028acb-e3cf-4bcf-9cce-fc1002acfc86,D03,FLNT,FLNT,2019-06-18T15:06Z,FLNT.C0.20190618.AIR,A00000038184,18,,0,,20200224T172045Z
f9a809b0-6f44-4351-a4f2-56c1322d2c3c,D03,FLNT,FLNT,2019-07-10T17:38Z,FLNT.C0.20190710.AIR,A00000038217,18,,0,,20200224T172108Z
c2d2ce89-1b03-4e3c-89b6-8cfb1aa79cf2,D03,FLNT,FLNT,2019-08-05T17:05Z,FLNT.C0.20190805.AIR,A00000074807,18,,0,,20200224T172131Z
9b1d2432-2072-4517-b21b-6f617db48d2b,D03,FLNT,FLNT,2019-08-13T16:12Z,FLNT.C0.20190813.AIR,A00000074817,18,,0,,20200224T172131Z
98d5e2a0-0dd1-45ba-ac5a-8b8b5471adb2,D03,FLNT,FLNT,2019-09-17T15:52Z,FLNT.C0.20190917.AIR,A00000074827,18,,0,,20200224T172238Z
5f3e6719-3763-4d7a-a4d3-be79ef009b66,D03,FLNT,FLNT,2019-09-24T15:40Z,FLNT.C0.20190924.AIR,A00000074833,18,,0,,20200224T172238Z
29563d38-dd66-4993-bd5f-9b144de989cd,D03,FLNT,FLNT,2019-10-08T17:39Z,FLNT.C0.20191008.AIR,A00000074849,18,,0,,20200309T161258Z
475ec6d8-7924-4a7f-83a3-90c41187e6e9,D03,FLNT,FLNT,2019-11-12T19:23Z,FLNT.C0.20191112.AIR,A00000129582,18,,0,,20200406T154215Z
7dfa7d09-591a-4380-9cb0-4f2e9577f431,D03,FLNT,FLNT,2019-11-19T15:01Z,FLNT.C0.20191119.AIR,A00000129601,20,,0,,20200406T154215Z
0bd5aa30-e5fc-477b-b128-45ce11a73f3b,D03,FLNT,FLNT,2019-12-10T17:03Z,FLNT.C0.20191210.AIR,A00000129611,18,,0,,20200504T153759Z
e3eb6702-6ab4-445b-8537-fd6e0fdc4f95,D03,FLNT,FLNT,2019-12-17T13:45Z,FLNT.C0.20191217.AIR,A00000129620,18,,0,,20200504T153759Z
c679fca4-ab04-4114-a7b1-15f40a0bdf4f,D03,FLNT,FLNT,2020-01-08T04:01Z,FLNT.C0.20200107.AIR,A00000129623,19,,0,,20200601T141019Z
5e56d935-56b3-4969-b231-e26a4c0d7f1f,D03,FLNT,FLNT,2020-02-04T14:56Z,FLNT.C0.20200204.AIR,A00000129644,19,,0,,20200406T161254Z
432a4ad7-9809-48f3-a917-363a1492a6f2,D03,FLNT,FLNT,2020-03-19T17:28Z,FLNT.C0.20200319.AIR,A00000129690,18,,0,,20200504T172102Z
d1c36c21-4f3e-460f-b367-9d693ec6437e,D03,FLNT,FLNT,2020-03-19T17:34Z,FLNT.C0.20200319.AIR.2,A00000129691,18,,0,,20200504T172102Z
12c58732-80d6-40dd-a985-de4d769da0ae,D03,FLNT,FLNT,2020-03-19T17:38Z,FLNT.C0.20200319.AIR.3,A00000129689,18,,0,,20200504T172102Z
009eb731-e002-4403-87f8-7a13aa38b6ca,D04,GUIL,GUIL,2016-05-24T12:21Z,GUIL.SS.20160524.AIR,,20,,0,,20200224T161809Z
bc23526e-8095-4ff1-b053-72b26d26cc30,D04,GUIL,GUIL,2016-05-31T12:30Z,GUIL.SS.20160531.AIR,,20,,0,,20200224T161809Z
94beca68-5fe4-4944-bfb3-7216ecc3d5cf,D04,GUIL,GUIL,2016-06-07T12:21Z,GUIL.SS.20160607.AIR,,20,,0,,20200224T175622Z
2b869bde-e35a-4d41-93f3-d5d23a3afbea,D04,GUIL,GUIL,2016-06-14T12:20Z,GUIL.SS.20160614.AIR,,16,,0,,20200224T175622Z
27675c67-e347-491d-970a-835105ce9142,D04,GUIL,GUIL,2016-06-21T12:46Z,GUIL.SS.20160621.AIR,,21,,0,,20200224T175622Z
29c51c6e-a4fe-4f58-a9dc-ed256843704d,D04,GUIL,GUIL,2016-07-19T12:21Z,GUIL.SS.20160719.AIR,,25,,0,,20200224T175307Z
8c84313f-0a05-4b8a-a5e6-0a5773452381,D04,GUIL,GUIL,2016-07-26T12:21Z,GUIL.SS.20160726.AIR,,26,,0,,20200224T175307Z
569a81ba-07c0-4f97-9ad5-1115b5040b05,D04,GUIL,GUIL,2016-08-09T13:04Z,GUIL.SS.20160809.AIR,,25,,0,,20200224T161920Z
f4641716-9a99-4449-9313-0356d52760d9,D04,GUIL,GUIL,2016-08-23T13:34Z,GUIL.SS.20160823.AIR,,25,,0,,20200224T161920Z
11f3f66a-251e-4b30-bd92-9ecf5740bc16,D04,GUIL,GUIL,2016-09-06T12:48Z,GUIL.SS.20160906.AIR,,22,"",0,,20200224T161903Z
0aa15a95-b7d5-43af-8c20-a26cd3644c12,D04,GUIL,GUIL,2016-09-13T13:16Z,GUIL.SS.20160913.AIR,,26,"",0,,20200224T161903Z
c2acb2dd-e646-4819-9100-3555d61e25b2,D04,GUIL,GUIL,2016-09-22T12:44Z,GUIL.SS.20160922.AIR,,28,There was presence of tractors and electric generators emitting gases when SDG air samples were taken.,0,,20200224T161903Z
40c1cf43-85da-4492-a061-d6044d9925c3,D04,GUIL,GUIL,2016-09-27T12:30Z,GUIL.SS.20160927.AIR,,24,"",0,,20200224T161903Z
2050809a-d91c-48a2-af07-7cb9160fb24f,D04,GUIL,GUIL,2016-10-11T12:58Z,GUIL.SS.20161011.AIR,,20,,0,,20200224T161852Z
9b0d6f87-d32e-40b0-85e2-1857508594fe,D04,GUIL,GUIL,2016-10-19T12:48Z,GUIL.SS.20161019.AIR,,20,,0,,20200224T161852Z
1686be46-ce06-4ea2-b841-4a9a69a54542,D04,GUIL,GUIL,2016-10-26T12:34Z,GUIL.SS.20161026.AIR,,18,,0,,20200224T161852Z
6258e11e-2a83-4126-9e86-7876c4bc1d9e,D04,GUIL,GUIL,2016-11-15T12:50Z,GUIL.SS.20161115.AIR,,20,,0,,20200224T162500Z
19510759-2605-42ba-a361-f4fc54a2a3ab,D04,GUIL,GUIL,2016-11-29T13:00Z,GUIL.SS.20161129.AIR,,20,,0,,20200224T162500Z
b2ffefe2-3e29-47cb-b906-be6f7bdf436d,D04,GUIL,GUIL,2016-12-13T12:55Z,GUIL.SS.20161213.AIR,,20,,0,,20200224T162256Z
eaa3c1f1-c682-464c-be66-f3cadea842b8,D04,GUIL,GUIL,2017-01-24T12:44Z,GUIL.SS.20170124.AIR,,20,,0,,20200224T175149Z
2dfebfd7-99da-4b30-a0f6-64ea192b3443,D04,GUIL,GUIL,2017-02-14T13:02Z,GUIL.SS.20170214.AIR,,20,,0,,20200224T175122Z
1af92ee0-f697-47ec-924d-c09767f626b7,D04,GUIL,GUIL,2017-02-28T12:30Z,GUIL.SS.20170228.AIR,,20,,0,,20200224T175122Z
59e89868-980e-48e1-b6ae-00a0303d6680,D04,GUIL,GUIL,2017-03-28T12:20Z,GUIL.SS.20170328.AIR,,20,,0,,20200224T161837Z
376f5aa6-22fb-4d63-83c7-d027ca06a949,D04,GUIL,GUIL,2017-04-06T13:50Z,GUIL.SS.20170406.AIR,,20,"Sampling location was moved 11 meters upstream, relative to previous location, to be closer to newly installed sensor (S2).",0,,20200224T162015Z
7ae7823c-171f-4b7d-b80e-bf99a965b9f3,D04,GUIL,GUIL,2017-04-25T12:42Z,GUIL.SS.20170425.AIR,,20,"",0,,20200224T162015Z
6296172f-88a8-4c60-b925-fbce41ba0603,D04,GUIL,GUIL,2017-05-04T12:58Z,GUIL.SS.20170504.AIR,,20,,0,,20200224T175610Z
cd0b92bb-be36-449f-a200-faef742d6710,D04,GUIL,GUIL,2017-05-24T12:46Z,GUIL.SS.20170524.AIR,,20,,0,,20200224T175610Z
e93d6384-fa5a-476c-a24c-6b85c6963070,D04,GUIL,GUIL,2017-05-30T11:47Z,GUIL.SS.20170530.AIR,,20,,0,,20200224T175610Z
f2c00283-d15d-46b2-9e7f-b7fb78068a3e,D04,GUIL,GUIL,2017-06-12T13:37Z,GUIL.SS.20170612.AIR,,19,,0,,20200224T175303Z
592c1715-d3c9-4345-b370-c63d538c414f,D04,GUIL,GUIL,2017-06-27T12:27Z,GUIL.SS.20170627.AIR,,20,,0,,20200224T175303Z
9d93d5b9-cb33-491e-806b-a94e17eabf1e,D04,GUIL,GUIL,2017-07-19T12:34Z,GUIL.SS.20170719.AIR,,20,,0,,20200224T161850Z
78659f2c-5865-446a-8c2f-c78d2af84f03,D04,GUIL,GUIL,2017-07-24T13:44Z,GUIL.SS.20170724.AIR,,20,,0,,20200224T161850Z
c7db3a5b-06e0-40af-8887-94c90c23917e,D04,GUIL,GUIL,2017-08-22T13:13Z,GUIL.SS.20170822.AIR,,20,,0,,20200224T161830Z
b626244a-51f1-47af-8090-e72abed1499d,D04,GUIL,GUIL,2017-08-29T13:20Z,GUIL.SS.20170829.AIR,,20,,0,,20200224T161830Z
1b029f7f-bf60-43ce-a130-2197301455d8,D04,GUIL,GUIL,2017-09-14T12:02Z,GUIL.SS.20170914.AIR,,20,,0,,20200224T161856Z
608c870b-6db9-42fe-9304-b7d47db5afe2,D04,GUIL,GUIL,2017-09-18T13:09Z,GUIL.SS.20170918.AIR,,20,,0,,20200224T161856Z
f90a70d2-e68e-4d53-9b44-65c3b6083793,D04,GUIL,GUIL,2017-11-13T13:14Z,GUIL.SS.20171113.AIR,,20,Diesel power generator functioning approximately 20m downwind of processing location,0,,20200224T162448Z
55b32b56-f381-475c-8e16-fb906eed47dd,D04,GUIL,GUIL,2017-11-21T12:46Z,GUIL.SS.20171121.AIR,,20,"",0,,20200224T162448Z
f72b760c-4780-4ed0-9f7d-38ac59342571,D04,GUIL,GUIL,2017-11-28T12:53Z,GUIL.SS.20171128.AIR,,20,"",0,,20200224T162448Z
8c4e9e95-72d4-4c36-a142-cf74d57fa89a,D04,GUIL,GUIL,2017-12-12T13:55Z,GUIL.SS.20171212.AIR,,20,,0,,20200224T162227Z
d2f0da14-cbb7-467b-ac67-79256de48ded,D04,GUIL,GUIL,2018-01-23T13:07Z,GUIL.SS.20180123.AIR,,18,,0,,20200224T175128Z
c5445e7a-ddc6-4c46-ad29-1e420a0574ba,D04,GUIL,GUIL,2018-02-14T12:51Z,GUIL.SS.20180214.AIR,,20,,0,,20200224T161805Z
4e36e69f-ea42-4909-82ec-caf9459292fa,D04,GUIL,GUIL,2018-02-27T13:57Z,GUIL.SS.20180227.AIR,,20,,0,,20200224T161805Z
3f5aebe4-e91a-4694-9f70-24680e1fd2e6,D04,GUIL,GUIL,2018-03-27T13:00Z,GUIL.SS.20180327.AIR,A00000007223,18,,0,,20200224T161805Z
422c0eee-518e-45d6-b9db-92373896c77e,D04,GUIL,GUIL,2018-04-09T12:13Z,GUIL.SS.20180409.AIR,A00000007229,17,,0,,20200224T175614Z
5801c2fc-9a70-47b7-8588-a97ede995c9a,D04,GUIL,GUIL,2018-04-24T12:53Z,GUIL.SS.20180424.AIR,A00000005650,18,,0,,20200224T175614Z
7603d900-35ed-4cf4-b1c3-38b653faab21,D04,GUIL,GUIL,2018-05-02T12:58Z,GUIL.SS.20180502.AIR,A00000006111,18,,0,,20200224T175256Z
d2a21e83-bdc8-49ee-be01-12ea2f9bc866,D04,GUIL,GUIL,2018-05-23T13:41Z,GUIL.SS.20180523.AIR,A00000007072,18,,0,,20200224T175256Z
affc023c-5f7c-4fb0-9636-090930226016,D04,GUIL,GUIL,2018-05-29T12:50Z,GUIL.SS.20180529.AIR,A00000006225,17,,0,,20200224T175256Z
65cca49c-ab1e-4917-b41e-a7323c6b7185,D04,GUIL,GUIL,2018-06-12T13:01Z,GUIL.SS.20180612.AIR,A00000006879,18,,0,,20200224T161846Z
291e8824-6bed-4560-85ed-09d1dd9408bc,D04,GUIL,GUIL,2018-06-26T12:36Z,GUIL.SS.20180626.AIR,A00000006989,18,,0,,20200224T161846Z
4c464e83-e4ee-4607-a440-78dda79d686c,D04,GUIL,GUIL,2018-07-18T11:51Z,GUIL.SS.20180718.AIR,A00000006681,18,,0,,20200224T162037Z
b5cae75d-bbff-4e3f-bba3-cd31da9fe69c,D04,GUIL,GUIL,2018-07-24T12:09Z,GUIL.SS.20180724.AIR,A00000006756,16,,0,,20200224T162037Z
c219bb82-468d-4d0b-8811-9c1cf9dea3ab,D04,GUIL,GUIL,2018-08-23T12:29Z,GUIL.SS.20180823.AIR,A00000038588,16,,0,,20200224T162030Z
5356c167-de0c-4e82-8b8b-059261bc92b0,D04,GUIL,GUIL,2018-08-28T12:39Z,GUIL.SS.20180828.AIR,A00000006854,16,,0,,20200224T162030Z
a2cd2401-e44f-4a0d-98d2-c14cfd0d8a2d,D04,GUIL,GUIL,2018-09-05T12:52Z,GUIL.SS.20180905.AIR,A00000040501,18,,0,,20200224T162308Z
428e2802-264a-401f-9378-18f25639d9dd,D04,GUIL,GUIL,2018-09-11T13:01Z,GUIL.SS.20180911.AIR,A00000040535,17,,0,,20200224T162308Z
2d7fab10-a5ab-44f3-b287-90d80df51b78,D04,GUIL,GUIL,2018-09-17T12:58Z,GUIL.SS.20180917.AIR,A00000038773,17,,0,,20200224T162308Z
beedc7c5-30d8-4e0f-a423-b2c48917bff2,D04,GUIL,GUIL,2018-09-25T12:57Z,GUIL.SS.20180925.AIR,A00000038839,17,,0,,20200224T162308Z
4cbc8041-34af-4553-9bdc-9d72b0dbbb71,D04,GUIL,GUIL,2018-10-10T12:38Z,GUIL.SS.20181010.AIR,A00000039044,18,,0,,20200224T162301Z
effe9d26-a625-46c3-9f62-f11c821deba4,D04,GUIL,GUIL,2018-10-24T12:52Z,GUIL.SS.20181024.AIR,A00000039526,17,,0,,20200224T162301Z
a90695f5-627f-46a2-9472-d6187186f5d3,D04,GUIL,GUIL,2018-10-30T13:40Z,GUIL.SS.20181030.AIR,A00000039153,18,,0,,20200224T162301Z
07f65d82-f68d-4fac-8812-b4e77b46cdf1,D04,GUIL,GUIL,2018-11-12T12:30Z,GUIL.SS.20181112.AIR,A00000039336,19,,0,,20200224T162434Z
f86994e5-3c85-463a-b6a5-e5a4d16af07c,D04,GUIL,GUIL,2018-11-19T12:43Z,GUIL.SS.20181119.AIR,A00000039386,19,,0,,20200224T162434Z
8dca5a3a-96a1-48ad-902d-f46bd93c4a2f,D04,GUIL,GUIL,2018-11-27T13:22Z,GUIL.SS.20181127.AIR,A00000039562,17,,0,,20200224T162434Z
9295ccef-d8a4-4bcb-934c-b894d7f4cf34,D04,GUIL,GUIL,2018-12-11T12:42Z,GUIL.SS.20181211.AIR,A00000039588,17,,0,,20200224T162215Z
021d9bfe-f810-4725-9610-850c7b5f7d1d,D04,GUIL,GUIL,2019-01-22T13:13Z,GUIL.SS.20190122.AIR,A00000038984,18,,0,,20200224T161819Z
f0f2e306-4081-4412-906c-c3889f4a9c4b,D04,GUIL,GUIL,2019-02-13T11:20Z,GUIL.SS.20190213.AIR,A00000039824,18,,0,,20200224T161751Z
c7d5c9f5-cfbb-4b72-b3e2-19c848e46ead,D04,GUIL,GUIL,2019-02-19T13:01Z,GUIL.SS.20190219.AIR,A00000039837,15,,0,,20200224T161751Z
643ede89-080a-40d4-a50c-6eefb35a5013,D04,GUIL,GUIL,2019-03-19T13:24Z,GUIL.SS.20190319.AIR,A00000040371,16,,0,,20200224T175618Z
bfbbf681-cacc-451c-ae3c-cc96259cd8d4,D04,GUIL,GUIL,2019-04-08T12:54Z,GUIL.SS.20190408.AIR,A00000040436,18,,0,,20200224T175259Z
bb6583ca-e467-40a0-9139-360fa763146f,D04,GUIL,GUIL,2019-04-16T12:44Z,GUIL.SS.20190416.AIR,A00000040478,18,,0,,20200224T175259Z
a0cf789f-da85-4424-927e-574bb553dcad,D04,GUIL,GUIL,2019-05-06T12:25Z,GUIL.SS.20190506.AIR,A00000040215,17,,0,,20200224T162045Z
148f3432-f6e8-45a1-a9f8-ec9b97b0582c,D04,GUIL,GUIL,2019-05-14T12:15Z,GUIL.SS.20190514.AIR,A00000040339,,,-1,,20200224T162045Z
fe6724a9-9474-464a-b0a3-5d489f288c6a,D04,GUIL,GUIL,2019-05-22T12:54Z,GUIL.SS.20190522.AIR,A00000113589,17,,0,,20200224T162045Z
cf29ae62-3bee-4574-9e2e-467c6f082567,D04,GUIL,GUIL,2019-06-12T12:48Z,GUIL.SS.20190612.AIR,A00000113420,17,,0,,20200224T161827Z
9a9734b6-7da9-40b3-9217-de4b04c3fdf2,D04,GUIL,GUIL,2019-06-18T13:01Z,GUIL.SS.20190618.AIR,A00000113491,16,,0,,20200224T161827Z
11ecd22a-363d-4a6c-b2ee-82c403a5a5ab,D04,GUIL,GUIL,2019-07-16T12:47Z,GUIL.SS.20190716.AIR,A00000109787,16,,0,,20200224T161819Z
5190cdb3-031c-4f37-b013-ce5bf2fe806a,D04,GUIL,GUIL,2019-07-22T12:28Z,GUIL.SS.20190722.AIR,A00000109790,17,,0,,20200224T161819Z
655ae9d3-4a45-40cb-9d2f-3c20a02e412b,D04,GUIL,GUIL,2019-08-13T11:42Z,GUIL.SS.20190813.AIR,A00000113019,17,,0,,20200224T162206Z
68ca0285-3e6a-45cd-99c1-9a7aee315d9a,D04,GUIL,GUIL,2019-08-21T12:50Z,GUIL.SS.20190821.AIR,A00000112847,17,,0,,20200224T162206Z
1c97d60c-eccf-4ea0-9b05-64fb7c171116,D04,GUIL,GUIL,2019-09-05T13:15Z,GUIL.SS.20190905.AIR,A00000112922,18,,0,,20200224T162157Z
ef4b07ad-85db-412e-b3d9-7230a04a47d2,D04,GUIL,GUIL,2019-09-10T11:41Z,GUIL.SS.20190910.AIR,A00000112948,17,,0,,20200224T162157Z
13597142-7f71-43f2-8f97-c6e99c970176,D04,GUIL,GUIL,2019-09-16T12:27Z,GUIL.SS.20190916.AIR,A00000112795,17,,0,,20200224T162157Z
01f4f122-2156-4eb8-85dc-9d6cf61867b0,D04,GUIL,GUIL,2019-09-24T12:32Z,GUIL.SS.20190924.AIR,A00000112668,17,,0,,20200224T162157Z
4c1c710a-5d03-4e0d-a2ed-afe19bbeb3a5,D04,GUIL,GUIL,2019-10-02T12:20Z,GUIL.SS.20191002.AIR,A00000112437,17,,0,,20200309T152842Z
a6510642-e150-41a4-9033-6400b0bc8a65,D04,GUIL,GUIL,2019-10-09T12:56Z,GUIL.SS.20191009.AIR,A00000112454,17,,0,,20200309T152842Z
73f14500-b128-4941-a638-91cf044c2169,D04,GUIL,GUIL,2019-10-15T12:32Z,GUIL.SS.20191015.AIR,A00000112298,16,,0,,20200309T152842Z
8cdad12d-ab02-4878-a3e1-0676a79cff49,D04,GUIL,GUIL,2019-10-23T14:13Z,GUIL.SS.20191023.AIR,A00000112347,17,,0,,20200309T152842Z
6b793eac-4ec8-430e-b7b3-a2fda836e193,D04,GUIL,GUIL,2019-11-12T12:48Z,GUIL.SS.20191112.AIR,A00000109867,17,,0,,20200406T153545Z
0331cc09-ed72-4d0f-8140-7dd23be1f2c5,D04,GUIL,GUIL,2019-11-19T11:23Z,GUIL.SS.20191119.AIR,A00000109878,17,,0,,20200406T153545Z
f571da00-607a-43ab-8a38-6be3b13164f9,D04,GUIL,GUIL,2019-11-25T12:26Z,GUIL.SS.20191125.AIR,A00000112220,17,,0,,20200406T153545Z
d3d4e48e-52ca-433a-b210-8f4b10ef5a7a,D04,GUIL,GUIL,2019-12-17T11:43Z,GUIL.SS.20191217.AIR,A00000110076,18,,0,,20200504T151813Z
7bb51450-d439-409a-a21e-f346fe2a1b50,D05,CRAM,CRAM,2016-06-07T20:50Z,CRAM.C0.20160607.AIR,,20,,0,,20200224T172353Z
371a4cd5-5902-463f-bbeb-53ce3c7708cd,D05,CRAM,CRAM,2016-07-05T17:35Z,CRAM.C0.20160705.AIR,,18,,0,,20200224T172326Z
29f2c6b4-1e67-4bd5-91e1-145b11e3397c,D05,CRAM,CRAM,2016-08-09T19:30Z,CRAM.C0.20160809.AIR,,19,"ot vial possibly not fully evacuated, did not immediately draw in gas from syringe",0,,20200224T174101Z
447cf216-524c-4245-91e6-c92226915710,D05,CRAM,CRAM,2016-09-07T19:30Z,CRAM.C0.20160907.AIR,,19,"ot, in, and c1 storage vials stored in part DI, part water from c1 location; using updated in and ot locations",0,,20200224T174030Z
82910091-67cc-42ed-a500-49d75d7113cf,D05,CRAM,CRAM,2016-09-27T21:00Z,CRAM.C0.20160927.AIR,,20,"",0,,20200224T174030Z
ed411708-447f-4dfc-a7fb-3f2d24f82e88,D05,CRAM,CRAM,2016-10-18T18:15Z,CRAM.C0.20161018.AIR,,20,ot and in dissolved gas not collected because of lack of vials,0,,20200224T173944Z
2b9ed594-5247-45b0-86fa-6cdb1a6b9170,D05,CRAM,CRAM,2016-11-08T21:00Z,CRAM.C0.20161108.AIR,,20,,0,,20200224T173916Z
929b396c-f277-4f02-854b-2161f7f425af,D05,CRAM,CRAM,2016-11-21T19:45Z,CRAM.C0.20161121.AIR,,20,,0,,20200224T173916Z
f592dccf-fa4c-43e5-89de-026e2807299e,D05,CRAM,CRAM,2017-02-07T17:15Z,CRAM.C0.20170207.AIR,,20,,0,,20200224T174059Z
b99af7c0-e961-44fa-be30-7a9bca2e4eb5,D05,CRAM,CRAM,2017-03-08T15:30Z,CRAM.C0.20170308.AIR,,20,,0,,20200224T174001Z
edfb5aa3-ccd9-4138-b1b5-398257f56376,D05,CRAM,CRAM,2017-04-18T20:43Z,CRAM.C0.20170418.AIR,,20,,0,,20200224T172424Z
1a111347-23dc-4042-b76b-9cb4131415e9,D05,CRAM,CRAM,2017-05-02T18:55Z,CRAM.C0.20170502.AIR,,17,,0,,20200224T172356Z
b01fdb9f-033a-4486-8c0d-1d92edd151a5,D05,CRAM,CRAM,2017-06-06T19:49Z,CRAM.C0.20170606.AIR,,18,,0,,20200224T172331Z
3d529bf1-c878-4ef2-aa42-2e1ba4940365,D05,CRAM,CRAM,2017-07-11T21:33Z,CRAM.C0.20170711.AIR,,17,,0,,20200224T174105Z
c05a14eb-6a83-4d29-98b6-d69949e90840,D05,CRAM,CRAM,2017-08-01T20:42Z,CRAM.C0.20170801.AIR,,19,,0,,20200224T174034Z
2c0c3456-ee0c-482e-b294-8e73fdd542ad,D05,CRAM,CRAM,2017-08-29T20:07Z,CRAM.C0.20170829.AIR,,19,,0,,20200224T174034Z
f09264fc-4f08-4875-941d-4d4c3a830e23,D05,CRAM,CRAM,2017-10-03T21:10Z,CRAM.C0.20171003.AIR,,17,,0,,20200224T173920Z
0ec1a25a-ee04-4316-8be1-f666318c0e74,D05,CRAM,CRAM,2017-10-16T21:00Z,CRAM.C0.20171016.AIR,,18,,0,,20200224T173920Z
8aafb147-91fb-4442-a63e-fb61f3783239,D05,CRAM,CRAM,2017-11-07T21:41Z,CRAM.C0.20171107.AIR,,18,,0,,20200224T162103Z
7ad3c61e-1da6-4ff7-9b13-0f8f80c522ab,D05,CRAM,CRAM,2018-02-13T21:01Z,CRAM.C0.20180213.AIR,,18,,0,,20200224T174005Z
6e0c00d4-e6ac-45c5-bf36-095e29de1f93,D05,CRAM,CRAM,2018-03-05T16:45Z,CRAM.C0.20180305.AIR,,16,,0,,20200224T172430Z
48a4c6fd-e128-4166-b1b1-6e2b6feec277,D05,CRAM,CRAM,2018-05-07T16:38Z,CRAM.C0.20180507.AIR,A00000007831,19,,0,,20200224T172335Z
ffe6887b-410b-4b6f-b56e-e5aa64378e2f,D05,CRAM,CRAM,2018-05-22T19:29Z,CRAM.C0.20180522.AIR,A00000007712,16,,0,,20200224T172335Z
bff2f04b-c9bf-4c6f-8951-6154b0d9db05,D05,CRAM,CRAM,2018-06-05T20:40Z,CRAM.C0.20180605.AIR,A00000007703,20,,0,,20200224T172241Z
072e3877-9955-4ded-af26-bea76e771c6a,D05,CRAM,CRAM,2018-07-10T19:25Z,CRAM.C0.20180710.AIR,A00000007582,20,,0,,20200224T174026Z
35ebf415-add1-4af9-b59e-67f79d447f9b,D05,CRAM,CRAM,2018-08-07T18:38Z,CRAM.C0.20180807.AIR,A00000007489,16,,0,,20200224T173936Z
808baebb-1051-4ba3-9d02-98c998fa759e,D05,CRAM,CRAM,2018-09-11T17:02Z,CRAM.C0.20180911.AIR,A00000007276,20,,0,,20200224T173923Z
0fd3bef1-0cf8-4ce7-b8b6-322457a2b589,D05,CRAM,CRAM,2018-10-02T17:43Z,CRAM.C0.20181002.AIR,A00000007376,20,,0,,20200224T162002Z
4448e1e0-2528-41ce-a2fa-e5aa189a5cfb,D05,CRAM,CRAM,2018-10-16T19:28Z,CRAM.C0.20181016.AIR,A00000040777,20,,0,,20200224T162002Z
c342445a-8623-403e-8418-03d2ad3ca454,D05,CRAM,CRAM,2018-11-06T18:55Z,CRAM.C0.20181106.AIR,A00000040831,17,,0,,20200224T161957Z
7c06575b-58fd-4a7d-8e5c-cb5c2d14a798,D05,CRAM,CRAM,2019-01-07T20:33Z,CRAM.C0.20190107.AIR,A00000040826,18,,0,,20200224T174010Z
706219dd-79dc-4a26-a70a-e070bdd30340,D05,CRAM,CRAM,2019-02-18T20:25Z,CRAM.C0.20190218.AIR,A00000007368,19,,0,,20200224T172419Z
0323d7fd-d1d7-43e0-8eb5-3933cc743102,D05,CRAM,CRAM,2019-03-04T22:26Z,CRAM.C0.20190304.AIR,A00000040655,20,,0,,20200224T172401Z
1fc6cf6f-87bc-4875-bbe2-da66e092d131,D05,CRAM,CRAM,2019-05-01T16:47Z,CRAM.C0.20190501.AIR,A00000076009,20,,0,,20200224T174108Z
8afb06ae-922c-41f8-abd4-225efe4488c7,D05,CRAM,CRAM,2019-05-22T18:02Z,CRAM.C0.20190522.AIR,A00000076346,20,,0,,20200224T174108Z
ff1573a4-1ec2-413a-9929-8e50e45a74a5,D05,CRAM,CRAM,2019-06-04T20:43Z,CRAM.C0.20190604.AIR,A00000076353,20,,0,,20200224T174038Z
cf81d9be-19b1-4858-801a-85791af8a8d2,D05,CRAM,CRAM,2019-07-09T18:51Z,CRAM.C0.20190709.AIR,A00000076583,20,WAT.2 for c2 has moisture in the vial,0,,20200224T173940Z
94df436b-bf51-4100-a6e7-3bbec127d49a,D05,CRAM,CRAM,2019-07-09T18:59Z,CRAM.C0.20190709.AIR.2,A00000076600,20,"",0,,20200224T173940Z
5850af69-1ac9-4074-b83b-5138731231e4,D05,CRAM,CRAM,2019-07-09T19:00Z,CRAM.C0.20190709.AIR.3,A00000076582,20,"",0,,20200224T173940Z
9c471cdf-86bd-4dd2-a156-e5eebaa81346,D05,CRAM,CRAM,2019-08-06T18:58Z,CRAM.C0.20190806.AIR,A00000077695,20,,0,,20200224T173926Z
edd33bc7-1789-43b7-94a1-6a381d09cd83,D05,CRAM,CRAM,2019-09-09T19:01Z,CRAM.C0.20190909.AIR,A00000077401,20,,0,,20200224T162011Z
e59b7291-bb06-4b7e-a473-b2e3ae75d3fb,D05,CRAM,CRAM,2019-10-01T17:58Z,CRAM.C0.20191001.AIR,A00000078799,20,C2 rep3 for D/O samples was compromised,0,,20200309T154335Z
96b13bf9-20db-42f8-b905-54abcd05beb1,D05,CRAM,CRAM,2019-10-01T17:59Z,CRAM.C0.20191001.AIR.2,A00000078800,20,"",0,,20200309T154335Z
c97a9e64-f8fd-4488-bf7b-68fb6e9d184a,D05,CRAM,CRAM,2019-10-01T18:00Z,CRAM.C0.20191001.AIR.3,A00000078797,20,"",0,,20200309T154335Z
7f39b298-ac45-423c-bef8-5eecc83fde1d,D05,CRAM,CRAM,2019-10-15T20:00Z,CRAM.C0.20191015.AIR,A00000078929,20,"",0,,20200309T154335Z
39d0eadc-f9ee-43cf-bc99-cff2d55cbe27,D05,CRAM,CRAM,2019-10-15T20:01Z,CRAM.C0.20191015.AIR.2,A00000078896,20,"",0,,20200309T154335Z
39222097-3557-403e-9f11-85fb0f657248,D05,CRAM,CRAM,2019-10-15T20:09Z,CRAM.C0.20191015.AIR.3,A00000078897,20,"",0,,20200309T154335Z
76902862-e77f-4d77-9ab7-16180bc87da0,D05,CRAM,CRAM,2019-11-05T17:58Z,CRAM.C0.20191105.AIR,A00000078072,20,,0,,20200406T150251Z
783abb1f-7b93-4557-8dc0-713ac35c897b,D05,CRAM,CRAM,2020-01-06T19:05Z,CRAM.C0.20200106.AIR,A00000079231,20,,0,,20200601T142644Z
2ac61a99-616f-4c6c-bd91-e747fffed9f7,D05,CRAM,CRAM,2020-02-03T20:17Z,CRAM.C0.20200203.AIR,A00000201582,20,,0,,20200406T154714Z
fb62d284-aa6a-4b65-af22-61a680da8def,D05,CRAM,CRAM,2020-03-02T18:10Z,CRAM.C0.20200302.AIR,A00000201590,20,,0,,20200504T153931Z
fef25772-ac20-49e6-a0e6-5cb00548c36f,D13,COMO,COMO,2016-06-06T18:13Z,COMO.SS.20160606.AIR,,13,storage water may have been exposed to sun before temperature was recorded,0,,20200224T171835Z
6172bd55-8922-4e91-8f89-99ada8a5b6aa,D13,COMO,COMO,2016-06-09T17:49Z,COMO.SS.20160609.AIR,,18,"",0,,20200224T171835Z
12765e99-9a67-458b-9c9b-efc04be061c7,D13,COMO,COMO,2016-06-14T20:00Z,COMO.SS.20160614.AIR,,39,"",0,,20200224T171835Z
b5b1368d-1bd4-4df6-bbda-8dbe5cad26a3,D13,COMO,COMO,2016-06-20T17:51Z,COMO.SS.20160620.AIR,,19,"",0,,20200224T171835Z
998ddfa3-d515-436b-90a7-44fd34dd54d9,D13,COMO,COMO,2016-06-27T20:33Z,COMO.SS.20160627.AIR,,16,"",0,,20200224T171835Z
77597ad7-409d-42a0-9576-8f45db9470cc,D13,COMO,COMO,2016-06-30T14:17Z,COMO.SS.20160630.AIR,,16,"",0,,20200224T171835Z
74d2c03b-1ece-475a-b09f-525163c406b2,D13,COMO,COMO,2016-07-06T15:12Z,COMO.SS.20160706.AIR,,17,,0,,20200224T170611Z
d3a09bcc-6107-4d9e-9afe-e78654c33d6a,D13,COMO,COMO,2016-07-08T15:20Z,COMO.SS.20160708.AIR,,18,,0,,20200224T170611Z
d5303c36-3f37-4f00-afa3-1e7ee2675d4d,D13,COMO,COMO,2016-07-13T17:33Z,COMO.SS.20160713.AIR,,18,,0,,20200224T170611Z
a28f995d-7c94-4195-8b7e-2117872207dd,D13,COMO,COMO,2016-07-21T15:53Z,COMO.SS.20160721.AIR,,12,,0,,20200224T170611Z
c8b74ddd-5216-4be1-b463-b855ef06b477,D13,COMO,COMO,2016-07-25T15:42Z,COMO.SS.20160725.AIR,,15,,0,,20200224T170611Z
634e7fbd-95fa-49ab-8729-43049f8761f5,D13,COMO,COMO,2016-08-05T15:00Z,COMO.SS.20160805.AIR,,15,,0,,20200224T170550Z
bab5410e-2e85-4ea3-a95a-224e7bad52f4,D13,COMO,COMO,2016-08-09T16:10Z,COMO.SS.20160809.AIR,,15,,0,,20200224T170550Z
469df068-7109-4067-94f5-c2b4290bfbaa,D13,COMO,COMO,2016-08-23T16:29Z,COMO.SS.20160823.AIR,,15,,0,,20200224T170550Z
682e91c4-f07b-4896-bce6-1e980b53689e,D13,COMO,COMO,2016-09-12T18:55Z,COMO.SS.20160912.AIR,,15,,0,,20200224T171453Z
bee485fa-4f5d-4332-b04b-1902cd7301be,D13,COMO,COMO,2016-09-23T15:57Z,COMO.SS.20160923.AIR,,16,,0,,20200224T171453Z
cdea07de-3354-414b-bf58-e16fecbb2182,D13,COMO,COMO,2016-10-18T15:30Z,COMO.SS.20161018.AIR,,16,,0,,20200224T170657Z
7c50c38e-a663-4d62-8342-23f1abcfb6db,D13,COMO,COMO,2016-11-08T19:59Z,COMO.SS.20161108.AIR,,16,,0,,20200224T170605Z
170e9398-d839-440b-b73f-eb8e1a772c13,D13,COMO,COMO,2016-12-13T18:25Z,COMO.SS.20161213.AIR,,15,,0,,20200224T170347Z
18ef1806-250e-43d2-bed2-772c737ffa9f,D13,COMO,COMO,2017-01-10T18:57Z,COMO.SS.20170110.AIR,,19,stream covered in 1.5m of snow; no ysi,0,,20200224T171423Z
765ae554-9307-4559-bfee-0bf9cdf7405b,D13,COMO,COMO,2017-02-21T18:36Z,COMO.SS.20170221.AIR,,17,stream covered in 1.5m of snow,0,,20200224T171148Z
a384de2b-41b2-4a7c-b116-3f238902df42,D13,COMO,COMO,2017-03-15T17:53Z,COMO.SS.20170315.AIR,,17,sample taken from flowing water under 1.5 meters of snow,0,,20200224T171817Z
7b521338-0884-4f41-86b4-bec74cecdb5d,D13,COMO,COMO,2017-04-12T17:52Z,COMO.SS.20170412.AIR,,18,,0,,20200224T171603Z
c42ff11e-58c0-4e91-a4e3-0b6a65876ff7,D13,COMO,COMO,2017-05-10T19:03Z,COMO.SS.20170510.AIR,,17,,0,,20200224T171831Z
f05ed579-7479-4807-a359-9a42cb69279e,D13,COMO,COMO,2017-05-17T17:11Z,COMO.SS.20170517.AIR,,17,,0,,20200224T171831Z
29534688-9d7f-4714-bef3-4281baf80bef,D13,COMO,COMO,2017-05-25T15:57Z,COMO.SS.20170525.AIR,,18,,0,,20200224T171831Z
bfc32962-8498-4569-aff2-0d710cf11cdc,D13,COMO,COMO,2017-06-05T16:31Z,COMO.SS.20170605.AIR,,18,"",0,,20200224T170607Z
2f39ede0-7613-4cfc-8f3c-5a9e3e207e71,D13,COMO,COMO,2017-06-08T16:28Z,COMO.SS.20170608.AIR,,18,"",0,,20200224T170607Z
51565845-a2cd-4423-ba81-5320b32fb60a,D13,COMO,COMO,2017-06-12T15:00Z,COMO.SS.20170612.AIR,,17,Volume of air injected into vial is approximate for both air and water samples,0,,20200224T170607Z
1b3f9b50-44c8-4fcd-985f-483a03755215,D13,COMO,COMO,2017-06-14T17:20Z,COMO.SS.20170614.AIR,,17,"",0,,20200224T170607Z
0b8beef8-8a4c-4442-865b-004586a1f062,D13,COMO,COMO,2017-06-20T15:30Z,COMO.SS.20170620.AIR,,18,"",0,,20200224T170607Z
de6a4b5e-964c-4275-869f-5cb9f476d2a9,D13,COMO,COMO,2017-06-27T14:58Z,COMO.SS.20170627.AIR,,16,"",0,,20200224T170607Z
abcb5a05-ecfc-4535-8e9d-df7d3e2e4cc2,D13,COMO,COMO,2017-06-29T15:02Z,COMO.SS.20170629.AIR,,18,"",0,,20200224T170607Z
e00e6e31-d237-46ed-bf16-4ed6473822b1,D13,COMO,COMO,2017-07-06T15:37Z,COMO.SS.20170706.AIR,,18,,0,,20200224T170554Z
3298aeb5-bb43-428f-aebc-9cee536a2ff4,D13,COMO,COMO,2017-07-10T15:20Z,COMO.SS.20170710.AIR,,18,,0,,20200224T170554Z
b27d7b3e-889b-4a3c-9069-c976d9c4a11b,D13,COMO,COMO,2017-07-17T15:30Z,COMO.SS.20170717.AIR,,17,,0,,20200224T170554Z
b0dc5329-b3f3-4a5b-906f-26a5d0ddf8da,D13,COMO,COMO,2017-07-25T15:12Z,COMO.SS.20170725.AIR,,17,,0,,20200224T170554Z
3552f3bd-3981-4ac8-bd66-8fc2ff51f0a3,D13,COMO,COMO,2017-08-02T15:06Z,COMO.SS.20170802.AIR,,14,,0,,20200224T171458Z
b4bdee8a-f8b6-45b6-868b-047d276ede49,D13,COMO,COMO,2017-08-08T15:22Z,COMO.SS.20170808.AIR,,15,,0,,20200224T171458Z
84d71887-e838-4608-813c-d4caf11da5a9,D13,COMO,COMO,2017-08-22T15:52Z,COMO.SS.20170822.AIR,,18,,0,,20200224T171458Z
18671090-17cd-41f4-8528-8291a1a95190,D13,COMO,COMO,2017-09-11T15:27Z,COMO.SS.20170911.AIR,,16,,0,,20200224T170701Z
b7a77169-5a7f-42f5-88dd-03750312d206,D13,COMO,COMO,2017-09-25T16:36Z,COMO.SS.20170925.AIR,,16,,0,,20200224T170701Z
9024b476-823b-4bff-b117-7a0fd769aae7,D13,COMO,COMO,2017-10-12T15:30Z,COMO.SS.20171012.AIR,,16,,0,,20200224T170609Z
b2d2cdc0-b7a0-4d16-814b-11afccc8914d,D13,COMO,COMO,2017-11-15T19:05Z,COMO.SS.20171115.AIR,,16,,0,,20200224T170334Z
537f496c-8fb8-49d0-8ece-c5336f981b08,D13,COMO,COMO,2017-12-11T17:20Z,COMO.SS.20171211.AIR,,16,,0,,20200224T170705Z
9452e4e8-2a6d-4c98-ab71-ac56a999d3fc,D13,COMO,COMO,2018-01-16T18:47Z,COMO.SS.20180116.AIR,,15,,0,,20200224T171152Z
b2da6c32-bb8a-4ea6-98a1-cdac562ccdc0,D13,COMO,COMO,2018-02-20T17:39Z,COMO.SS.20180220.AIR,,17,,0,,20200224T171821Z
752e5f77-b659-4f43-9ad3-7cafb0c003c3,D13,COMO,COMO,2018-03-20T16:28Z,COMO.SS.20180320.AIR,,14,,0,,20200224T171606Z
64b1ad31-57d9-442b-91e8-30e4a6d4b6b7,D13,COMO,COMO,2018-04-24T16:36Z,COMO.SS.20180424.AIR,A00000017649,16,,0,,20200224T171843Z
63c5dda7-c0a8-4ff9-a7c2-9b2507016706,D13,COMO,COMO,2018-05-14T16:41Z,COMO.SS.20180514.AIR,A00000017711,17,,0,,20200224T170615Z
a4f539e4-73b0-4962-8e00-157e36fa05e2,D13,COMO,COMO,2018-05-22T16:32Z,COMO.SS.20180522.AIR,A00000018286,17,,0,,20200224T170615Z
963a1640-8fb1-40aa-929b-015afce636ce,D13,COMO,COMO,2018-05-29T19:47Z,COMO.SS.20180529.AIR,A00000018347,18,,0,,20200224T170615Z
4e8f0a1d-e0e1-4c88-87e9-c4e07e30d390,D13,COMO,COMO,2018-06-04T17:47Z,COMO.SS.20180604.AIR,A00000018499,18,,0,,20200224T170601Z
3c34a99b-7413-4eae-b740-a6514486ebf3,D13,COMO,COMO,2018-06-11T15:31Z,COMO.SS.20180611.AIR,A00000018694,19,,0,,20200224T170601Z
ec6ad396-e836-49c6-a80c-5424efbede00,D13,COMO,COMO,2018-06-13T15:27Z,COMO.SS.20180613.AIR,A00000018798,19,,0,,20200224T170601Z
5f91b225-1f92-4263-842b-32013f063056,D13,COMO,COMO,2018-06-19T15:30Z,COMO.SS.20180619.AIR,A00000019169,16,,0,,20200224T170601Z
85db45b1-99bd-4128-ae06-65ad8f6519f5,D13,COMO,COMO,2018-06-21T15:53Z,COMO.SS.20180621.AIR,A00000018779,17,,0,,20200224T170601Z
a2357cc0-6294-43e1-a0c8-47964d4170c2,D13,COMO,COMO,2018-06-26T15:45Z,COMO.SS.20180626.AIR,A00000019174,18,,0,,20200224T170601Z
f4051e81-2a49-4a66-9d99-0df41db55058,D13,COMO,COMO,2018-06-28T17:05Z,COMO.SS.20180628.AIR,A00000018531,19,,0,,20200224T170601Z
3d784a7e-25ba-4f31-8809-ce1d842cdc14,D13,COMO,COMO,2018-07-02T15:21Z,COMO.SS.20180702.AIR,A00000018533,18,,0,,20200224T171509Z
7a11e353-6fdc-4c72-ac40-1e0d4dbfcc96,D13,COMO,COMO,2018-07-12T14:53Z,COMO.SS.20180712.AIR,A00000019304,20,,0,,20200224T171509Z
834cdf6d-88f1-4a7a-8989-b91662a7e511,D13,COMO,COMO,2018-07-17T16:37Z,COMO.SS.20180717.AIR,A00000019276,17,,0,,20200224T171509Z
272c2166-460b-4673-8db7-75a5c0743b5f,D13,COMO,COMO,2018-07-23T16:49Z,COMO.SS.20180723.AIR,A00000019338,20,,0,,20200224T171509Z
2f052802-6228-41f5-a06a-8ab09af72d80,D13,COMO,COMO,2018-08-06T15:53Z,COMO.SS.20180806.AIR,A00000031500,20,,0,,20200224T170708Z
591119bf-c630-4c92-bf31-97054f9e98fe,D13,COMO,COMO,2018-08-21T15:04Z,COMO.SS.20180821.AIR,A00000020172,16,,0,,20200224T170708Z
b6b60911-0774-43f3-9190-49839a49bc1d,D13,COMO,COMO,2018-08-23T14:55Z,COMO.SS.20180823.AIR,A00000020176,17,,0,,20200224T170708Z
a7ce6bc4-cbb7-4f9b-8c97-374fdb75436f,D13,COMO,COMO,2018-09-18T15:36Z,COMO.SS.20180918.AIR,A00000050516,19,,0,,20200224T170616Z
528c054e-8b0e-4143-8621-c04f69e1e489,D13,COMO,COMO,2018-09-24T14:37Z,COMO.SS.20180924.AIR,A00000050527,17,,0,,20200224T170616Z
2f4145fa-8ec7-462b-967c-eb0ef5bfb5e5,D13,COMO,COMO,2018-10-17T15:39Z,COMO.SS.20181017.AIR,A00000051263,17,,0,,20200224T170343Z
a8552a0b-42f9-4352-8370-12b65ac7781b,D13,COMO,COMO,2018-11-20T18:20Z,COMO.SS.20181120.AIR,A00000051371,17,,0,,20200224T170326Z
1f748585-73e7-4365-b61d-642fca20d819,D13,COMO,COMO,2018-12-17T16:22Z,COMO.SS.20181217.AIR,A00000051395,12,,0,,20200224T173111Z
44ecc9f9-5ff1-43b1-8e1e-bff55a8cd141,D13,COMO,COMO,2019-01-14T19:00Z,COMO.SS.20190114.AIR,A00000051431,16,,0,,20200224T171826Z
644047ac-b187-4f2c-afbd-ec6095c6e012,D13,COMO,COMO,2019-02-19T16:56Z,COMO.SS.20190219.AIR,A00000051480,17,,0,,20200224T171611Z
0ed6745d-f40e-45fd-8a58-5971c25fddf6,D13,COMO,COMO,2019-03-19T17:56Z,COMO.SS.20190319.AIR,A00000051692,17,,0,,20200224T171839Z
9296b30a-af9c-41ea-afba-2447f7d75cec,D13,COMO,COMO,2019-04-23T17:15Z,COMO.SS.20190423.AIR,A00000089655,17,,0,,20200224T170619Z
967fa4c1-a68a-43b7-ac7d-4a4b1103f705,D13,COMO,COMO,2019-05-13T18:21Z,COMO.SS.20190513.AIR,A00000089701,16,,0,,20200224T170557Z
cdbba93e-a78a-421c-b356-6f49a9dedfa3,D13,COMO,COMO,2019-05-21T16:36Z,COMO.SS.20190521.AIR,A00000089965,18,,0,,20200224T170557Z
0967829a-844c-4187-8354-7426101d9139,D13,COMO,COMO,2019-05-28T20:44Z,COMO.SS.20190528.AIR,A00000090008,18,,0,,20200224T170557Z
5db82db7-5aeb-4fc2-ba39-b25e5a0142fe,D13,COMO,COMO,2019-06-03T16:43Z,COMO.SS.20190603.AIR,A00000089882,18,,0,,20200224T171505Z
72aa2af2-0adf-4e9d-923d-4bf5e31a0f39,D13,COMO,COMO,2019-06-10T16:53Z,COMO.SS.20190610.AIR,A00000089696,7,,1,,20200224T171505Z
0679772f-bc40-4e96-8159-23433aa72d76,D13,COMO,COMO,2019-06-12T16:14Z,COMO.SS.20190612.AIR,A00000089886,15,,0,,20200224T171505Z
8c5994d3-9d3c-49d4-ad39-183eb2de4634,D13,COMO,COMO,2019-06-18T16:31Z,COMO.SS.20190618.AIR,A00000089890,18,,0,,20200224T171505Z
ad0615e4-a781-476b-b652-24382c2e7d52,D13,COMO,COMO,2019-06-20T15:45Z,COMO.SS.20190620.AIR,A00000090758,16,,0,,20200224T171505Z
a18f68ab-a228-4d39-97d3-1c522e500bd6,D13,COMO,COMO,2019-06-25T15:28Z,COMO.SS.20190625.AIR,A00000090779,16,,0,,20200224T171505Z
1e23781a-adc7-4dce-8347-7a87008b6ada,D13,COMO,COMO,2019-06-27T16:23Z,COMO.SS.20190627.AIR,A00000090754,17,,0,,20200224T171505Z
e1cc8e98-80b9-4caf-8ef5-6c0468cdb5b6,D13,COMO,COMO,2019-07-08T16:30Z,COMO.SS.20190708.AIR,A00000091002,18,,0,,20200224T170705Z
74051e8a-c79f-4025-9eb9-b3820a06877a,D13,COMO,COMO,2019-07-11T14:59Z,COMO.SS.20190711.AIR,A00000090746,18,,0,,20200224T170705Z
2f833b57-94d7-4298-b93e-238496fb19ff,D13,COMO,COMO,2019-07-16T16:58Z,COMO.SS.20190716.AIR,A00000090748,18,,0,,20200224T170705Z
ba99ea3b-267c-4f5e-b44d-3465f738b0f6,D13,COMO,COMO,2019-07-16T16:58Z,COMO.SS.20190716.AIR.2,A00000091110,18,,0,,20200224T170705Z
09117740-5c29-41d1-9f3d-bb04bd1ef9c3,D13,COMO,COMO,2019-07-16T16:58Z,COMO.SS.20190716.AIR.3,A00000091112,18,,0,,20200224T170705Z
943bd5b0-0a44-4613-be7c-f5f4baac6eae,D13,COMO,COMO,2019-07-22T15:35Z,COMO.SS.20190722.AIR,A00000091010,17,,0,,20200224T170705Z
df1ad920-eb48-4b4f-95c8-415da226d767,D13,COMO,COMO,2019-08-05T16:14Z,COMO.SS.20190805.AIR,A00000091506,17,,0,,20200224T170612Z
59d89c5f-182c-4c92-be6a-c0735c6ae87e,D13,COMO,COMO,2019-08-20T16:38Z,COMO.SS.20190820.AIR,A00000091600,17,,0,,20200224T170612Z
2b9871e3-2b4c-4071-9d7e-88b65328a667,D13,COMO,COMO,2019-08-22T15:46Z,COMO.SS.20190822.AIR,A00000091614,18,,0,,20200224T170612Z
0c819149-2eeb-463e-bd71-97ae5383be1f,D13,COMO,COMO,2019-09-17T16:14Z,COMO.SS.20190917.AIR,A00000092230,15,,0,,20200224T170339Z
56b148ac-6d17-4902-8920-b4c073c459dd,D13,COMO,COMO,2019-09-24T17:33Z,COMO.SS.20190924.AIR,A00000092422,16,,0,,20200224T170339Z
89ddaa02-223d-4e67-afa1-066fcc83ef7c,D13,COMO,COMO,2019-10-15T16:05Z,COMO.SS.20191015.AIR,A00000093386,16,,0,,20200309T153640Z
cbe1ecc2-a3bd-44e4-a560-69314a4c00dd,D13,COMO,COMO,2019-11-19T18:28Z,COMO.SS.20191119.AIR.2,A00000093321,17,,0,,20200406T161120Z
47525bf2-3bf8-4c61-962e-b2206f51095e,D13,COMO,COMO,2019-11-19T18:29Z,COMO.SS.20191119.AIR.3,A00000093304,15,,0,,20200406T161120Z
ac202580-5e58-46f5-b9de-6638ebd424ce,D13,COMO,COMO,2019-11-19T18:55Z,COMO.SS.20191119.AIR,A00000093303,17,,0,,20200406T161120Z
a09a0d69-d2c0-4aff-9c63-bb72d50ec6c0,D13,COMO,COMO,2019-12-17T18:15Z,COMO.SS.20191217.AIR,A00000134870,18,,0,,20200504T161049Z
0af1c324-b234-46bf-9667-157226046e93,D13,COMO,COMO,2020-01-14T17:54Z,COMO.SS.20200114.AIR,A00000134841,13,,0,,20200601T133608Z
f0b5eb33-41cf-4903-9e0d-fe018800a660,D13,COMO,COMO,2020-02-11T19:08Z,COMO.SS.20200211.AIR,A00000091793,16,,0,,20200406T151433Z
9abd9351-b4a5-462a-be34-140374546293,D13,COMO,COMO,2020-03-10T17:49Z,COMO.SS.20200310.AIR.2,A00000121973,17,,0,,20200504T154852Z
c0f4508d-b1e7-4b7f-8ca6-2b34f299bda6,D13,COMO,COMO,2020-03-10T17:49Z,COMO.SS.20200310.AIR.3,A00000121989,15,,0,,20200504T154852Z
bf2f829c-dba5-41f8-9b0f-0cb94c86cc58,D13,COMO,COMO,2020-03-10T17:49Z,COMO.SS.20200310.AIR,A00000121990,17,,0,,20200504T154852Z
3819109a-f522-4a6f-8b99-6a9d63914d3e,D17,BIGC,BIGC,2018-03-07T18:06Z,BIGC.SS.20180307.AIR,"",18,,0,,20200224T174914Z
3d463d57-4741-42e8-845a-c8e4499487dc,D17,BIGC,BIGC,2018-03-13T16:24Z,BIGC.SS.20180313.AIR,"",18,,0,,20200224T174914Z
c9e10c1e-29c1-4394-9e94-1b27d27b5195,D17,BIGC,BIGC,2018-03-28T17:34Z,BIGC.SS.20180328.AIR,A00000030678,18,,0,,20200224T174914Z
310fed43-07dd-42a6-9209-62e0ee2979cc,D17,BIGC,BIGC,2018-04-03T16:11Z,BIGC.SS.20180403.AIR,A00000025680,18,,0,,20200224T174924Z
bc059c1b-89e4-46ed-80a2-7f225d77cf3d,D17,BIGC,BIGC,2018-04-10T17:45Z,BIGC.SS.20180410.AIR,A00000025811,18,,0,,20200224T174924Z
0e62034c-37a3-4b74-818e-80353fdccc70,D17,BIGC,BIGC,2018-04-23T17:04Z,BIGC.SS.20180423.AIR,A00000025822,18,,0,,20200224T174924Z
ff8615a7-57b3-4c53-a53c-aaa989b6b3ed,D17,BIGC,BIGC,2018-04-30T17:06Z,BIGC.SS.20180430.AIR,A00000025828,18,,0,,20200224T174924Z
cafe4757-bfb1-4f6f-b832-f62ad5c58066,D17,BIGC,BIGC,2018-05-07T16:45Z,BIGC.SS.20180507.AIR,A00000025841,18,"",0,,20200224T174956Z
2e83ae61-eac9-49e1-8e5e-d02053d22201,D17,BIGC,BIGC,2018-05-08T18:31Z,BIGC.SS.20180508.AIR,A00000025843,18,"",0,,20200224T174956Z
4fe372ca-1f1a-421f-a41b-69abafbf91bf,D17,BIGC,BIGC,2018-05-14T16:28Z,BIGC.SS.20180514.AIR,A00000025858,18,"",0,,20200224T174956Z
b60c1f13-2333-4cb9-9e34-e4ffbd1b3e7c,D17,BIGC,BIGC,2018-05-21T19:31Z,BIGC.SS.20180521.AIR,A00000030757,18,Processed in lab,0,,20200224T174956Z
d6884078-a39e-4875-ae85-32c0949e209d,D17,BIGC,BIGC,2018-05-30T06:18Z,BIGC.SS.20180529.AIR,A00000025998,18,"",0,,20200224T174956Z
a113ffca-708b-4efe-a4dc-d5c209e603ed,D17,BIGC,BIGC,2018-06-04T16:43Z,BIGC.SS.20180604.AIR,A00000025900,18,,0,,20200224T173707Z
c3c02fe8-9fab-45f7-923e-6caf29963133,D17,BIGC,BIGC,2018-06-05T17:44Z,BIGC.SS.20180605.AIR,A00000026040,17,,0,,20200224T173707Z
ce2a2d92-ceee-4023-83a1-1f0e17ce4bc0,D17,BIGC,BIGC,2018-06-12T18:23Z,BIGC.SS.20180612.AIR,A00000026043,18,,0,,20200224T173707Z
d25266e3-cf8f-4698-a89b-df80467f82a5,D17,BIGC,BIGC,2018-06-25T16:40Z,BIGC.SS.20180625.AIR,A00000026111,18,,0,,20200224T173707Z
5efb4714-2fc4-4200-87eb-4c60b8b483ad,D17,BIGC,BIGC,2018-07-03T05:02Z,BIGC.SS.20180702.AIR,A00000027054,18,,0,,20200224T173729Z
47f4f13e-7d0e-4152-8a7e-91f31e43ecaa,D17,BIGC,BIGC,2018-08-14T16:09Z,BIGC.SS.20180814.AIR,A00000025679,18,,0,,20200224T173751Z
4294636f-3f63-4154-998f-a67b1cc7f0ca,D17,BIGC,BIGC,2018-09-11T17:05Z,BIGC.SS.20180911.AIR,A00000064121,18,,0,,20200224T180228Z
0772eb77-7d5a-4262-9468-bae9156567db,D17,BIGC,BIGC,2018-09-18T16:50Z,BIGC.SS.20180918.AIR,A00000064045,18,,0,,20200224T180228Z
d15b8689-5be8-41a9-a4af-4e0f5d23c412,D17,BIGC,BIGC,2018-10-10T05:36Z,BIGC.SS.20181009.AIR,A00000030589,18,,0,,20200224T175200Z
77155737-bcee-43d7-83df-00347df933e1,D17,BIGC,BIGC,2018-11-06T17:51Z,BIGC.SS.20181106.AIR,A00000026983,18,,0,,20200224T175220Z
c9b639d8-c0cc-4de6-8a2e-2ededb30a623,D17,BIGC,BIGC,2018-12-04T19:50Z,BIGC.SS.20181204.AIR,A00000061658,18,Site down- no met data available,0,,20200224T175030Z
178e6df0-0404-4cdd-a1bd-377162e45dc8,D17,BIGC,BIGC,2019-01-28T17:46Z,BIGC.SS.20190128.AIR,A00000061618,18,,0,,20200224T174848Z
e7373858-32d9-45eb-a787-a3661a61d899,D17,BIGC,BIGC,2019-03-05T00:07Z,BIGC.SS.20190304.AIR,A00000062086,18,,0,,20200224T174928Z
eb7570b9-a9ba-4d6a-9cc1-ffb726332b68,D17,BIGC,BIGC,2019-03-12T18:07Z,BIGC.SS.20190312.AIR,A00000062096,18,,0,,20200224T174928Z
c60fc15e-39cb-4744-a76d-88b4ce6e0453,D17,BIGC,BIGC,2019-03-26T17:30Z,BIGC.SS.20190326.AIR,A00000062061,18,,0,,20200224T174928Z
342fe461-913f-46c6-afaa-91508d962d4a,D17,BIGC,BIGC,2019-04-02T17:16Z,BIGC.SS.20190402.AIR,A00000062077,18,,0,,20200224T175000Z
1211f701-8ed1-4434-a069-f3efb3fcddaa,D17,BIGC,BIGC,2019-04-09T22:04Z,BIGC.SS.20190409.AIR,A00000062040,18,,0,,20200224T175000Z
5138440e-467a-4187-a1b3-26e8506cacf1,D17,BIGC,BIGC,2019-04-17T16:44Z,BIGC.SS.20190417.AIR,A00000062193,18,,0,,20200224T175000Z
653c3cbe-677e-43b2-8633-fca5f3ceba24,D17,BIGC,BIGC,2019-04-22T16:37Z,BIGC.SS.20190422.AIR,A00000062073,18,,0,,20200224T175000Z
9ccf6ad8-fce3-4abd-9f1b-c1a4805258ff,D17,BIGC,BIGC,2019-04-29T18:17Z,BIGC.SS.20190429.AIR,A00000063358,18,,0,,20200224T175000Z
eb6af754-8753-4ce0-b662-5bcf7b889c2a,D17,BIGC,BIGC,2019-05-06T17:45Z,BIGC.SS.20190506.AIR.2,A00000063375,20,,0,,20200224T173711Z
31f9cfa7-7adf-478a-b64c-47278b3b94df,D17,BIGC,BIGC,2019-05-06T17:45Z,BIGC.SS.20190506.AIR.3,A00000063408,20,,0,,20200224T173711Z
3d3d013b-0a4d-4c7b-bddf-5a94e7d03115,D17,BIGC,BIGC,2019-05-06T17:45Z,BIGC.SS.20190506.AIR,A00000063376,20,,0,,20200224T173711Z
3deeb3f4-29a1-4877-82c6-32ef5014ab1c,D17,BIGC,BIGC,2019-05-07T17:00Z,BIGC.SS.20190507.AIR,A00000063407,20,,0,,20200224T173711Z
725bcadb-4a99-47b6-af3d-55e13ca250b6,D17,BIGC,BIGC,2019-05-13T16:30Z,BIGC.SS.20190513.AIR,A00000063711,18,,0,,20200224T173711Z
cedfe630-5816-4e27-bd24-158d495b9e42,D17,BIGC,BIGC,2019-05-22T21:00Z,BIGC.SS.20190522.AIR,A00000063058,20,,0,,20200224T173711Z
b87ce11f-5570-43c5-88b6-10ac61259961,D17,BIGC,BIGC,2019-05-28T18:38Z,BIGC.SS.20190528.AIR,A00000063739,18,,0,,20200224T173711Z
1e2bc045-6b37-47c0-84b1-9f518b917ced,D17,BIGC,BIGC,2019-06-03T23:30Z,BIGC.SS.20190603.AIR,A00000063980,18,,0,,20200224T173733Z
0739f009-e297-4456-b174-6984db33f04b,D17,BIGC,BIGC,2019-06-04T17:55Z,BIGC.SS.20190604.AIR,A00000064005,18,,0,,20200224T173733Z
57d3b6eb-6e24-479d-8c11-b272c2d82f25,D17,BIGC,BIGC,2019-06-12T19:33Z,BIGC.SS.20190612.AIR,A00000063594,18,,0,,20200224T173733Z
ebb7f8dc-cca1-4467-b9c1-7b80e14d5600,D17,BIGC,BIGC,2019-06-24T18:35Z,BIGC.SS.20190624.AIR,A00000062932,18,,0,,20200224T173733Z
16aac95b-33ca-4a54-894a-60e883d77450,D17,BIGC,BIGC,2019-07-01T18:35Z,BIGC.SS.20190701.AIR,A00000062905,18,,0,,20200224T173755Z
a1539a4f-e3e1-4f1d-924b-2725bb2b09fa,D17,BIGC,BIGC,2019-07-01T18:35Z,BIGC.SS.20190701.AIR.3,A00000062903,18,,0,,20200224T173755Z
d0275295-6236-43a9-9768-447b9ed1b0fa,D17,BIGC,BIGC,2019-07-01T18:35Z,BIGC.SS.20190701.AIR.2,A00000062897,18,,0,,20200224T173755Z
f9f56925-08f8-46da-9ee0-128f56570ddc,D17,BIGC,BIGC,2019-07-15T17:30Z,BIGC.SS.20190715.AIR,A00000062790,18,,0,,20200224T173755Z
ed8aa424-8a5a-418f-92b3-86530e2fb233,D17,BIGC,BIGC,2019-08-14T19:56Z,BIGC.SS.20190814.AIR,A00000097143,19,,0,,20200224T180232Z
b0b889ff-678b-4dbd-a2c8-5ae275e5b957,D17,BIGC,BIGC,2019-09-04T19:00Z,BIGC.SS.20190904.AIR,A00000097606,18,,0,,20200224T175204Z
56ff5b9a-ee7b-40a5-b65c-9281f71f7174,D17,BIGC,BIGC,2019-09-10T17:15Z,BIGC.SS.20190910.AIR,A00000097659,18,,0,,20200224T175204Z
c44db9a0-7653-4b1d-9855-c13d5c59ef34,D17,BIGC,BIGC,2019-09-18T17:57Z,BIGC.SS.20190918.AIR,A00000097724,19,,0,,20200224T175204Z
cf01ad2d-a68a-44bf-8088-2188a30f13d9,D17,BIGC,BIGC,2019-10-08T18:14Z,BIGC.SS.20191008.AIR,A00000098150,18,,0,,20200309T160257Z
ced4811b-f7a6-4835-9dc1-71d483456093,D17,BIGC,BIGC,2019-11-05T18:20Z,BIGC.SS.20191105.AIR,A00000148291,17,,0,,20200406T145137Z
4e3b2b6b-4ce5-461f-a132-a1037f5802cb,D17,BIGC,BIGC,2019-12-04T19:31Z,BIGC.SS.20191204.AIR.2,A00000148384,19,,0,,20200504T154731Z
b9a578d7-64f7-4fe4-b8d1-64b24262c92b,D17,BIGC,BIGC,2019-12-04T19:31Z,BIGC.SS.20191204.AIR,A00000148386,19,,0,,20200504T154731Z
504190ef-d1a1-407b-8fa8-bb1ca792c5af,D17,BIGC,BIGC,2019-12-05T07:31Z,BIGC.SS.20191204.AIR.3,A00000148383,19,,0,,20200504T154731Z
ae5da49e-55dd-4f2e-b89a-35ad6c20ac1b,D17,BIGC,BIGC,2020-01-07T19:15Z,BIGC.SS.20200107.AIR,A00000148665,17,,0,,20200601T135401Z
ffc84b5e-6474-490a-84fb-20bec0b2710e,D17,BIGC,BIGC,2020-02-11T17:42Z,BIGC.SS.20200211.AIR,A00000148945,18,,0,,20200406T153425Z
d7a4f92b-1b07-4a55-9b62-af821fc85516,D17,BIGC,BIGC,2020-02-25T18:18Z,BIGC.SS.20200225.AIR,A00000297659,18,,0,,20200406T153425Z
2c960e2b-1dab-47f6-a553-cd643541e491,D17,BIGC,BIGC,2020-03-10T18:36Z,BIGC.SS.20200310.AIR,A00000297552,18,,0,,20200504T145317Z
