uid,domainID,siteID,namedLocation,collectDate,analysisDate,internalLabID,internalSampleName,internalLabFileName,sampleID,sampleCode,concentrationCH4,runDetectionLimitCH4,precisionCH4,concentrationCO2,runDetectionLimitCO2,precisionCO2,concentrationN2O,runDetectionLimitN2O,precisionN2O,sampleCondition,laboratoryName,analyzedBy,externalRemarks,volumeGasAnalyzed,gasStandardAccuracy,gasCheckStandardPercentDev,gasCheckStandardQF,publicationDate
ce783af9-936a-4af7-a55c-ca62f6e6e7ef,D04,CUPE,CUPE,2019-01-15T12:04Z,2019-02-19,28,CUPE.SS.20190115.WAT,C:\Chem32\1\Data\NEON_GHG 2019-02-19\53.D,CUPE.SS.20190115.WAT,A00000039638,1.9271241,0.2,1.87,905.6041812,2.2,0.234,0.3867619,0.1,1.06,OK,Loecke Lab at University of Kansas,x62Vn5hs7AEYJHGg93BQog==,,1,2,,-1,20200224T162853Z
a987af1b-85ff-4757-a32e-30d2ba739899,D04,CUPE,CUPE,2019-01-15T12:04Z,2019-02-19,27,CUPE.SS.20190115.AIR,C:\Chem32\1\Data\NEON_GHG 2019-02-19\51.D,CUPE.SS.20190115.AIR,A00000039639,1.5574381,0.2,1.87,689.412371,2.2,0.234,0.4185516,0.1,1.06,OK,Loecke Lab at University of Kansas,x62Vn5hs7AEYJHGg93BQog==,,1,2,,-1,20200224T162853Z
c731a960-c4c2-4468-9aa0-679488fdb04a,D04,CUPE,CUPE,2019-02-12T11:49Z,2019-04-04,1,CUPE.ss.20190212.air,C:\Chem32\1\Data\NEON_GHG 2019-04-04\25.D,CUPE.SS.20190212.AIR,A00000039822,1.8632543,0.2,1.87,1205.7751477,2.2,0.234,0.7990661,0.1,1.06,OK,Loecke Lab at University of Kansas,396FtWhD1mCzHDcnO+Bspw==,,15,2,,-1,20200224T162847Z
7e73dc3b-8920-4a47-8fb1-6853645a6e1e,D04,CUPE,CUPE,2019-02-12T11:49Z,2019-04-04,2,CUPE.ss.20190212.wat,C:\Chem32\1\Data\NEON_GHG 2019-04-04\27.D,CUPE.SS.20190212.WAT,A00000039821,1.6718778,0.2,1.87,773.9441428,2.2,0.234,0.5162609,0.1,1.06,OK,Loecke Lab at University of Kansas,396FtWhD1mCzHDcnO+Bspw==,,16,2,,-1,20200224T162847Z
297029b5-2bb0-4c57-8af0-d447424244ac,D04,CUPE,CUPE,2019-03-04T11:52Z,2019-04-05,31,CUPE.ss.20190304.air,C:\Chem32\1\Data\NEON_GHG 2019-04-04\57.D,CUPE.SS.20190304.AIR,A00000039871,1.3198885,0.2,1.87,548.1553256,2.2,0.234,0.4238756,0.1,1.06,OK,Loecke Lab at University of Kansas,396FtWhD1mCzHDcnO+Bspw==,,17,2,,-1,20200224T163127Z
d6faae1f-b15f-4368-a4c8-7a2d7cb99105,D04,CUPE,CUPE,2019-03-04T11:52Z,2019-04-05,32,CUPE.ss.20190304.wat,C:\Chem32\1\Data\NEON_GHG 2019-04-04\59.D,CUPE.SS.20190304.WAT,A00000039870,1.4483484,0.2,1.87,791.3309996,2.2,0.234,0.374004,0.1,1.06,OK,Loecke Lab at University of Kansas,396FtWhD1mCzHDcnO+Bspw==,,18,2,,-1,20200224T163127Z
0f37cc50-219c-4668-b9ba-694579726ca1,D04,CUPE,CUPE,2019-03-12T12:09Z,2019-04-05,30,CUPE.ss.20190312.wat,C:\Chem32\1\Data\NEON_GHG 2019-04-04\55.D,CUPE.SS.20190312.WAT,A00000039897,1.7198285,0.2,1.87,941.0754533,2.2,0.234,0.4432809,0.1,1.06,OK,Loecke Lab at University of Kansas,396FtWhD1mCzHDcnO+Bspw==,,20,2,,-1,20200224T163127Z
3918de10-03c5-4cd7-b58e-c121953c12e4,D04,CUPE,CUPE,2019-03-12T12:09Z,2019-04-05,29,CUPE.ss.20190312.air,C:\Chem32\1\Data\NEON_GHG 2019-04-04\53.D,CUPE.SS.20190312.AIR,A00000039898,1.5817561,0.2,1.87,561.2848332,2.2,0.234,0.440977,0.1,1.06,OK,Loecke Lab at University of Kansas,396FtWhD1mCzHDcnO+Bspw==,,19,2,,-1,20200224T163127Z
61871b57-0978-4523-b3b7-8364133fd781,D04,CUPE,CUPE,2019-04-09T12:11Z,2019-05-03,4,A00000040422,C:\Chem32\1\Data\NEON_GHG 2019-05-03 1\16.D,CUPE.SS.20190409.WAT,A00000040422,2.0406555,0.0555,0.884,1023.4073238,5.67,0.549,0.4158516,0.00464,0.626,,Loecke Lab at University of Kansas,iv4VLp7U+qRNfPBG26fk/g==,,1,2,,-1,20200224T163015Z
4ba9355b-7b99-437c-a773-40a7cbd8bfe9,D04,CUPE,CUPE,2019-04-09T12:11Z,2019-05-03,3,A00000040421,C:\Chem32\1\Data\NEON_GHG 2019-05-03 1\15.D,CUPE.SS.20190409.AIR,A00000040421,1.9108811,0.0555,0.884,761.6634056,5.67,0.549,0.4143473,0.00464,0.626,,Loecke Lab at University of Kansas,iv4VLp7U+qRNfPBG26fk/g==,,1,2,,-1,20200224T163015Z
625f38c4-4b86-4719-a9af-5e0b3568650c,D04,CUPE,CUPE,2019-04-29T11:55Z,2019-05-03,2,A00000040044,C:\Chem32\1\Data\NEON_GHG 2019-05-03 1\14.D,CUPE.SS.20190429.WAT,A00000040044,1.9372986,0.0555,0.884,988.5446596,5.67,0.549,0.5118744,0.00464,0.626,,Loecke Lab at University of Kansas,iv4VLp7U+qRNfPBG26fk/g==,,1,2,,-1,20200224T163015Z
421958ab-b60b-48b8-91cd-4770aac48e95,D04,CUPE,CUPE,2019-04-29T11:55Z,2019-05-03,1,A00000040045,C:\Chem32\1\Data\NEON_GHG 2019-05-03 1\13.D,CUPE.SS.20190429.AIR,A00000040045,1.8511242,0.0555,0.884,485.4374407,5.67,0.549,0.3412225,0.00464,0.626,,Loecke Lab at University of Kansas,iv4VLp7U+qRNfPBG26fk/g==,,1,2,,-1,20200224T163015Z
4db6962d-c4a0-4db4-92fc-531b60e4eb86,D04,CUPE,CUPE,2019-05-07T11:41Z,2019-06-07,48,CUPE.ss.20190507.wat,C:\Chem32\1\Data\NEON_GHG 2019-06-07\048F6401.D,CUPE.SS.20190507.WAT,A00000040095,2.5190193,0.0555,0.884,1240.0761094,5.67,0.549,0.4541437,0.00464,0.626,,Loecke Lab at University of Kansas,iv4VLp7U+qRNfPBG26fk/g==,,1,2,,-1,20200224T163214Z
e8908279-2390-41e1-9f1a-80feb64f38be,D04,CUPE,CUPE,2019-05-07T11:41Z,2019-06-07,47,CUPE.ss.20190507.air,C:\Chem32\1\Data\NEON_GHG 2019-06-07\047F6201.D,CUPE.SS.20190507.AIR,A00000040094,2.4747911,0.0555,0.884,660.739295,5.67,0.549,0.3731691,0.00464,0.626,,Loecke Lab at University of Kansas,iv4VLp7U+qRNfPBG26fk/g==,,1,2,,-1,20200224T163214Z
58012fb2-50a6-419d-9c6b-85e991c82c89,D04,CUPE,CUPE,2019-05-23T11:17Z,2019-06-07,40,CUPE.ss.20190523.wat,C:\Chem32\1\Data\NEON_GHG 2019-06-07\040F6301.D,CUPE.SS.20190523.WAT,A00000113603,2.5330655,0.0555,0.884,1151.4572744,5.67,0.549,0.3908741,0.00464,0.626,,Loecke Lab at University of Kansas,iv4VLp7U+qRNfPBG26fk/g==,,1,2,,-1,20200224T163214Z
0b91de5a-88b5-4eca-8d03-afe8deaaf3a1,D04,CUPE,CUPE,2019-05-23T11:17Z,2019-06-07,39,CUPE.ss.20190523.air,C:\Chem32\1\Data\NEON_GHG 2019-06-07\039F6101.D,CUPE.SS.20190523.AIR,A00000113604,2.2438513,0.0555,0.884,686.6569044,5.67,0.549,0.3605069,0.00464,0.626,,Loecke Lab at University of Kansas,iv4VLp7U+qRNfPBG26fk/g==,,1,2,,-1,20200224T163214Z
a6b35b7e-43f5-4901-8a3f-1560ec088682,D04,CUPE,CUPE,2019-06-04T12:15Z,2019-06-07,42,CUPE.ss.20190604.wat,C:\Chem32\1\Data\NEON_GHG 2019-06-07\042F5201.D,CUPE.SS.20190604.WAT,A00000113508,2.3752832,0.0555,0.884,1088.9678072,5.67,0.549,0.460905,0.00464,0.626,"",Loecke Lab at University of Kansas,iv4VLp7U+qRNfPBG26fk/g==,,1,2,,-1,20200224T163552Z
512c041f-f9f4-41ab-8c88-dd2af9692a7d,D04,CUPE,CUPE,2019-06-04T12:15Z,2019-06-07,41,CUPE.ss.20190604.air,C:\Chem32\1\Data\NEON_GHG 2019-06-07\041F5001.D,CUPE.SS.20190604.AIR,A00000113509,2.1484825,0.0555,0.884,571.2128718,5.67,0.549,0.504589,0.00464,0.626,"",Loecke Lab at University of Kansas,iv4VLp7U+qRNfPBG26fk/g==,,1,2,,-1,20200224T163552Z
00f6824b-7cff-43b6-8267-4405cfa60d66,D04,CUPE,CUPE,2019-06-24T12:46Z,2019-07-20,13,CUPE.ss.20190624.wat,C:\Chem32\1\Data\NEON_GHG 2019-07-19 2019-07-19\55.D,CUPE.SS.20190624.WAT,A00000113322,1.7948239,0.0555,0.884,1288.7213488,5.67,0.549,0.2738639,0.00464,0.626,OK,Loecke Lab at University of Kansas,iv4VLp7U+qRNfPBG26fk/g==,,1,2,,-1,20200224T163552Z
4d13b3d0-585c-4c22-85cc-f66f21b77237,D04,CUPE,CUPE,2019-06-24T12:46Z,2019-07-20,15,CUPE.ss.20190624.wat.2,C:\Chem32\1\Data\NEON_GHG 2019-07-19 2019-07-19\59.D,CUPE.SS.20190624.WAT.2,A00000113323,1.831785,0.0555,0.884,1292.6228589,5.67,0.549,0.325209,0.00464,0.626,OK,Loecke Lab at University of Kansas,iv4VLp7U+qRNfPBG26fk/g==,,1,2,,-1,20200224T163552Z
8613e1a2-86f9-4b66-bb53-78191b62eb3a,D04,CUPE,CUPE,2019-06-24T12:46Z,2019-07-20,14,CUPE.ss.20190624.wat.3,C:\Chem32\1\Data\NEON_GHG 2019-07-19 2019-07-19\57.D,CUPE.SS.20190624.WAT.3,A00000113324,1.8263893,0.0555,0.884,1209.418003,5.67,0.549,0.2850319,0.00464,0.626,OK,Loecke Lab at University of Kansas,iv4VLp7U+qRNfPBG26fk/g==,,1,2,,-1,20200224T163552Z
e4f34854-167c-4342-a62f-6e621f058f0f,D04,CUPE,CUPE,2019-06-24T12:46Z,2019-07-20,16,CUPE.ss.20190624.air,C:\Chem32\1\Data\NEON_GHG 2019-07-19 2019-07-19\61.D,CUPE.SS.20190624.AIR,A00000113321,1.5413582,0.0555,0.884,648.0956735,5.67,0.549,0.4535509,0.00464,0.626,OK,Loecke Lab at University of Kansas,iv4VLp7U+qRNfPBG26fk/g==,,1,2,,-1,20200224T163552Z
22b0d17f-edc9-419c-b0d6-55f2f9f72cc2,D04,CUPE,CUPE,2019-07-09T11:46Z,2019-07-19,29,CUPE.ss.20190709.wat,C:\Chem32\1\Data\NEON_GHG 2019-07-19 2019-07-19\38.D,CUPE.SS.20190709.WAT,A00000109631,1.6364257,0.0555,0.884,1241.7173679,5.67,0.549,0.4317314,0.00464,0.626,OK,Loecke Lab at University of Kansas,iv4VLp7U+qRNfPBG26fk/g==,,1,2,,-1,20200224T163103Z
0928fb8a-8ff2-4ec2-9e42-505ee76816eb,D04,CUPE,CUPE,2019-07-09T11:46Z,2019-07-19,30,CUPE.ss.20190709.air,C:\Chem32\1\Data\NEON_GHG 2019-07-19 2019-07-19\40.D,CUPE.SS.20190709.AIR,A00000109632,1.6350032,0.0555,0.884,636.5241573,5.67,0.549,0.3882622,0.00464,0.626,OK,Loecke Lab at University of Kansas,iv4VLp7U+qRNfPBG26fk/g==,,1,2,,-1,20200224T163103Z
b56e2018-71d1-4d18-b406-89fbc432d460,D04,CUPE,CUPE,2019-07-18T12:11Z,2019-08-12,41,CUPE.ss.20190718.air,C:\Chem32\1\Data\NEON GHG 20190812 2019-08-12\30.D,CUPE.SS.20190718.AIR,A00000109702,1.75867,0.0555,0.884,1231.6866097,5.67,0.549,0.366079,0.00464,0.626,OK,Loecke Lab at University of Kansas,iv4VLp7U+qRNfPBG26fk/g==,,1,2,,-1,20200224T163103Z
62994d33-0ded-4f79-93cf-ece0e91d38fe,D04,CUPE,CUPE,2019-07-18T12:11Z,2019-08-12,42,CUPE.ss.20190718.wat,C:\Chem32\1\Data\NEON GHG 20190812 2019-08-12\32.D,CUPE.SS.20190718.WAT,A00000109701,1.5827912,0.0555,0.884,830.0524794,5.67,0.549,0.3776867,0.00464,0.626,OK,Loecke Lab at University of Kansas,iv4VLp7U+qRNfPBG26fk/g==,,1,2,,-1,20200224T163103Z
6e054904-0347-42db-83c4-75afd842f0c4,D04,CUPE,CUPE,2019-08-06T10:52Z,2019-08-12,3,CUPE.ss.20190806.air,C:\Chem32\1\Data\NEON GHG 20190812 2019-08-12\12.D,CUPE.SS.20190806.AIR,A00000113107,1.7795464,0.0555,0.884,554.0881301,5.67,0.549,0.9182128,0.00464,0.626,OK,Loecke Lab at University of Kansas,iv4VLp7U+qRNfPBG26fk/g==,,1,2,,-1,20200224T163048Z
ea6c0fbf-fa32-4623-8a81-c51ac882a433,D04,CUPE,CUPE,2019-08-06T10:52Z,2019-08-12,4,CUPE.ss.20190806.wat,C:\Chem32\1\Data\NEON GHG 20190812 2019-08-12\14.D,CUPE.SS.20190806.WAT,A00000113090,2.1408406,0.0555,0.884,1048.82044,5.67,0.549,0.8863971,0.00464,0.626,OK,Loecke Lab at University of Kansas,iv4VLp7U+qRNfPBG26fk/g==,,1,2,,-1,20200224T163048Z
114b3880-b95d-4a61-927d-9e7bdd61336b,D04,CUPE,CUPE,2019-08-12T11:53Z,2019-09-14,1,CUPE.ss.20190812.air,C:\Chem32\1\Data\NEON GHG_20190913 2019-09-13\96.D,CUPE.SS.20190812.AIR,A00000113197,1.7246108,0.0555,0.884,548.5699204,5.67,0.549,0.7181145,0.00464,0.626,OK,Loecke Lab at University of Kansas,iv4VLp7U+qRNfPBG26fk/g==,,1,2,,-1,20200224T163048Z
e2280462-e827-4143-8e44-6211859ea801,D04,CUPE,CUPE,2019-08-12T11:53Z,2019-09-14,2,CUPE.ss.20190812.wat,C:\Chem32\1\Data\NEON GHG_20190913 2019-09-13\98.D,CUPE.SS.20190812.WAT,A00000113196,2.1561475,0.0555,0.884,1105.9354528,5.67,0.549,0.5022224,0.00464,0.626,OK,Loecke Lab at University of Kansas,iv4VLp7U+qRNfPBG26fk/g==,,1,2,,-1,20200224T163048Z
9866f315-23d2-4ca2-bbb6-aa6bee15d4e9,D04,CUPE,CUPE,2019-08-27T13:49Z,2019-09-14,5,CUPE.ss.20190827.air,C:\Chem32\1\Data\NEON GHG_20190913 2019-09-13\92.D,CUPE.SS.20190827.AIR,A00000113242,1.7293022,0.0555,0.884,506.9295461,5.67,0.549,0.6353256,0.00464,0.626,OK,Loecke Lab at University of Kansas,iv4VLp7U+qRNfPBG26fk/g==,,1,2,,-1,20200224T163048Z
afbab1ad-544a-4695-a175-acb4bc7b31dd,D04,CUPE,CUPE,2019-08-27T13:49Z,2019-09-14,6,CUPE.ss.20190827.wat,C:\Chem32\1\Data\NEON GHG_20190913 2019-09-13\94.D,CUPE.SS.20190827.WAT,A00000113243,1.6242227,0.0555,0.884,1107.2885024,5.67,0.549,0.7063494,0.00464,0.626,OK,Loecke Lab at University of Kansas,iv4VLp7U+qRNfPBG26fk/g==,,1,2,,-1,20200224T163048Z
2829a771-2f29-4da6-be43-a257c5f462ba,D04,CUPE,CUPE,2019-09-03T11:44Z,2019-09-14,11,CUPE.ss.20190903.air,C:\Chem32\1\Data\NEON GHG_20190913 2019-09-13\83.D,CUPE.SS.20190903.AIR,A00000112915,1.6652979,0.0555,0.884,496.3953308,5.67,0.549,0.4405475,0.00464,0.626,OK,Loecke Lab at University of Kansas,iv4VLp7U+qRNfPBG26fk/g==,,1,2,,-1,20200224T163344Z
96637d00-dca4-4124-8c5e-ff42868dcd96,D04,CUPE,CUPE,2019-09-03T11:44Z,2019-09-14,12,CUPE.ss.20190903.wat,C:\Chem32\1\Data\NEON GHG_20190913 2019-09-13\85.D,CUPE.SS.20190903.WAT,A00000112914,1.8325937,0.0555,0.884,1067.3311364,5.67,0.549,0.479592,0.00464,0.626,OK,Loecke Lab at University of Kansas,iv4VLp7U+qRNfPBG26fk/g==,,1,2,,-1,20200224T163344Z
f795cdf6-dbbe-468d-895f-01876474e763,D04,CUPE,CUPE,2019-09-12T12:00Z,2019-10-14,42,CUPE.ss.20190912.air,C:\Chem32\1\Data\NEON GHG 20191014 2019-10-14\41.D,CUPE.SS.20190912.AIR,A00000112735,1.4977275,0.0555,0.884,710.4991314,5.67,0.549,0.2928072,0.00464,0.626,OK,Loecke Lab at University of Kansas,iv4VLp7U+qRNfPBG26fk/g==,,1,2,,-1,20200224T163344Z
7fd672db-281b-4d05-894d-12528660ad54,D04,CUPE,CUPE,2019-09-12T12:00Z,2019-10-14,43,CUPE.ss.20190912.wat,C:\Chem32\1\Data\NEON GHG 20191014 2019-10-14\43.D,CUPE.SS.20190912.WAT,A00000112734,1.4108667,0.0555,0.884,1012.0545146,5.67,0.549,0.3767481,0.00464,0.626,OK,Loecke Lab at University of Kansas,iv4VLp7U+qRNfPBG26fk/g==,,1,2,,-1,20200224T163344Z
44eab757-4b4a-40b1-8359-1bc9d74b484f,D04,CUPE,CUPE,2019-09-23T13:00Z,2019-10-14,48,CUPE.ss.20190923.wat.2,C:\Chem32\1\Data\NEON GHG 20191014 2019-10-14\38.D,CUPE.SS.20190923.WAT.2,A00000112676,1.9240298,0.0555,0.884,1189.7236552,5.67,0.549,0.3305105,0.00464,0.626,OK,Loecke Lab at University of Kansas,iv4VLp7U+qRNfPBG26fk/g==,,1,2,,-1,20200224T163344Z
6d4f650b-3e3d-4477-a344-2414636539fe,D04,CUPE,CUPE,2019-09-23T13:00Z,2019-10-14,46,CUPE.ss.20190923.wat.3,C:\Chem32\1\Data\NEON GHG 20191014 2019-10-14\34.D,CUPE.SS.20190923.WAT.3,A00000112677,1.6493328,0.0555,0.884,1110.1165339,5.67,0.549,0.299924,0.00464,0.626,OK,Loecke Lab at University of Kansas,iv4VLp7U+qRNfPBG26fk/g==,,1,2,,-1,20200224T163344Z
db86ca37-5a7f-4c37-8093-8b5e90ce7026,D04,CUPE,CUPE,2019-09-23T13:00Z,2019-10-14,47,CUPE.ss.20190923.wat,C:\Chem32\1\Data\NEON GHG 20191014 2019-10-14\36.D,CUPE.SS.20190923.WAT,A00000112675,1.6591576,0.0555,0.884,1049.5511799,5.67,0.549,0.3645972,0.00464,0.626,OK,Loecke Lab at University of Kansas,iv4VLp7U+qRNfPBG26fk/g==,,1,2,,-1,20200224T163344Z
d6b2dfa5-5387-4c49-b7d0-ee46254762b3,D04,CUPE,CUPE,2019-09-23T13:00Z,2019-10-14,49,CUPE.ss.20190923.air,C:\Chem32\1\Data\NEON GHG 20191014 2019-10-14\40.D,CUPE.SS.20190923.AIR,A00000112678,1.6120961,0.0555,0.884,674.6942874,5.67,0.549,0.3119236,0.00464,0.626,OK,Loecke Lab at University of Kansas,iv4VLp7U+qRNfPBG26fk/g==,,1,2,,-1,20200224T163344Z
0c730b2a-f7b8-498e-a08b-8142577dc235,D04,CUPE,CUPE,2019-10-01T11:52Z,2019-10-14,44,CUPE.ss.20191001.wat,C:\Chem32\1\Data\NEON GHG 20191014 2019-10-14\37.D,CUPE.SS.20191001.WAT,A00000109709,2.0448599,0.0555,0.884,997.1127411,5.67,0.549,0.3005221,0.00464,0.626,OK,Loecke Lab at University of Kansas,iv4VLp7U+qRNfPBG26fk/g==,,1,2,,-1,20200309T150029Z
b3000708-0f4b-41ed-ae4b-6bfb6e7a8077,D04,CUPE,CUPE,2019-10-01T11:52Z,2019-10-14,45,CUPE.ss.20191001.air,C:\Chem32\1\Data\NEON GHG 20191014 2019-10-14\39.D,CUPE.SS.20191001.AIR,A00000109708,1.6655183,0.0555,0.884,650.2649327,5.67,0.549,0.4111066,0.00464,0.626,OK,Loecke Lab at University of Kansas,iv4VLp7U+qRNfPBG26fk/g==,,1,2,,-1,20200309T150029Z
2cbf2df7-8dce-483b-ab41-135a410d5900,D04,CUPE,CUPE,2019-10-07T11:33Z,2019-10-14,40,CUPE.ss.20191007.air,C:\Chem32\1\Data\NEON GHG 20191014 2019-10-14\42.D,CUPE.SS.20191007.AIR,A00000112450,1.3492731,0.0555,0.884,705.3361517,5.67,0.549,0.353349,0.00464,0.626,OK,Loecke Lab at University of Kansas,iv4VLp7U+qRNfPBG26fk/g==,,1,2,,-1,20200309T150029Z
a6515906-b925-4f86-abb9-812a3330437f,D04,CUPE,CUPE,2019-10-07T11:33Z,2019-10-14,41,CUPE.ss.20191007.wat,C:\Chem32\1\Data\NEON GHG 20191014 2019-10-14\44.D,CUPE.SS.20191007.WAT,A00000112449,1.2356247,0.0555,0.884,956.2235125,5.67,0.549,0.3193424,0.00464,0.626,OK,Loecke Lab at University of Kansas,iv4VLp7U+qRNfPBG26fk/g==,,1,2,,-1,20200309T150029Z
b3057bf7-c798-4f19-beff-23d1f96ca022,D04,CUPE,CUPE,2019-10-16T12:05Z,2019-11-14,9,CUPE.ss.20191016.wat,C:\Chem32\1\Data\NEON GHG 20191113 2019-11-13\82.D,CUPE.SS.20191016.WAT,A00000112375,1.6073876,0.0555,0.884,758.0442095,5.67,0.549,0.5127381,0.00464,0.626,OK,Loecke Lab at University of Kansas,iv4VLp7U+qRNfPBG26fk/g==,,1,2,,-1,20200309T150029Z
f036d0a8-ab26-4e56-a2c9-6122ea537c87,D04,CUPE,CUPE,2019-10-16T12:05Z,2019-11-14,10,CUPE.ss.20191016.air,C:\Chem32\1\Data\NEON GHG 20191113 2019-11-13\84.D,CUPE.SS.20191016.AIR,A00000112376,1.5871654,0.0555,0.884,549.2735203,5.67,0.549,0.6762712,0.00464,0.626,OK,Loecke Lab at University of Kansas,iv4VLp7U+qRNfPBG26fk/g==,,1,2,,-1,20200309T150029Z
ee37573f-01bb-43ad-84cf-4b83831958e3,D04,CUPE,CUPE,2019-10-28T11:44Z,2019-11-14,2,CUPE.ss.20191028.wat,C:\Chem32\1\Data\NEON GHG 20191113 2019-11-13\94.D,CUPE.SS.20191028.WAT,A00000112359,1.5666764,0.0555,0.884,903.4528565,5.67,0.549,0.6832822,0.00464,0.626,OK,Loecke Lab at University of Kansas,iv4VLp7U+qRNfPBG26fk/g==,,1,2,,-1,20200309T150029Z
eaa5cd31-ca46-4ecb-b6b8-48706a7b1c49,D04,CUPE,CUPE,2019-10-28T11:44Z,2019-11-14,1,CUPE.ss.20191028.air,C:\Chem32\1\Data\NEON GHG 20191113 2019-11-13\92.D,CUPE.SS.20191028.AIR,A00000112360,1.4968128,0.0555,0.884,589.6292984,5.67,0.549,0.4870335,0.00464,0.626,OK,Loecke Lab at University of Kansas,iv4VLp7U+qRNfPBG26fk/g==,,1,2,,-1,20200309T150029Z
1790227f-2731-4245-9750-184c8c44e871,D04,CUPE,CUPE,2019-11-05T11:41Z,2019-11-14,6,CUPE.ss.20191105.air,C:\Chem32\1\Data\NEON GHG 20191113 2019-11-13\88.D,CUPE.SS.20191105.AIR,A00000112279,1.4284559,0.0555,0.884,593.6947066,5.67,0.549,0.3344106,0.00464,0.626,OK,Loecke Lab at University of Kansas,iv4VLp7U+qRNfPBG26fk/g==,,1,2,,-1,20200406T144841Z
05eec63d-909e-4bc9-909c-82526a47d864,D04,CUPE,CUPE,2019-11-05T11:41Z,2019-11-14,5,CUPE.ss.20191105.wat,C:\Chem32\1\Data\NEON GHG 20191113 2019-11-13\86.D,CUPE.SS.20191105.WAT,A00000112278,1.7926855,0.0555,0.884,801.9737215,5.67,0.549,0.3252646,0.00464,0.626,OK,Loecke Lab at University of Kansas,iv4VLp7U+qRNfPBG26fk/g==,,1,2,,-1,20200406T144841Z
94a930c6-8cca-4563-a850-a3803cad0a22,D13,COMO,COMO,2019-01-14T19:00Z,2019-02-20,45,COMO.SS.20190114.AIR,C:\Chem32\1\Data\NEON_GHG 2019-02-19\69.D,COMO.SS.20190114.AIR,A00000051431,1.9917205,0.2,1.87,587.8438777,2.2,0.234,0.7046591,0.1,1.06,OK,Loecke Lab at University of Kansas,x62Vn5hs7AEYJHGg93BQog==,,1,2,,-1,20200224T171826Z
bcb127c8-7198-4144-a2b3-1460b8c1d25b,D13,COMO,COMO,2019-01-14T19:00Z,2019-02-20,46,COMO.SS.20190114.WAT,C:\Chem32\1\Data\NEON_GHG 2019-02-19\71.D,COMO.SS.20190114.WAT,A00000051430,2.7038283,0.2,1.87,1165.7122804,2.2,0.234,0.7989952,0.1,1.06,OK,Loecke Lab at University of Kansas,x62Vn5hs7AEYJHGg93BQog==,,1,2,,-1,20200224T171826Z
3674383e-95fc-4bda-92b9-ad19db248bb7,D13,COMO,COMO,2019-02-19T16:56Z,2019-03-09,18,COMO.SS.20190219.WAT,C:\Chem32\1\Data\NEON_GHG 2019-03-08\59.D,COMO.SS.20190219.WAT,A00000051479,2.4643192,0.2,1.87,773.7324538,2.2,0.234,0.4906752,0.1,1.06,OK,Loecke Lab at University of Kansas,x62Vn5hs7AEYJHGg93BQog==,,1,2,,-1,20200224T171611Z
6ba66f95-950d-4045-9919-63246888c9ff,D13,COMO,COMO,2019-02-19T16:56Z,2019-03-09,17,COMO.SS.20190219.AIR,C:\Chem32\1\Data\NEON_GHG 2019-03-08\57.D,COMO.SS.20190219.AIR,A00000051480,2.3746177,0.2,1.87,499.3887048,2.2,0.234,0.5929492,0.1,1.06,OK,Loecke Lab at University of Kansas,x62Vn5hs7AEYJHGg93BQog==,,1,2,,-1,20200224T171611Z
b7f9dd91-525a-46d5-805b-ed76720f5b2e,D13,COMO,COMO,2019-03-19T17:56Z,2019-04-10,34,COMO.ss.20190319.wat,C:\Chem32\1\Data\NEON_GHG 2019-04-10\44.D,COMO.SS.20190319.WAT,A00000051702,2.2857183,0.2,1.87,1353.594541,2.2,0.234,0.4925937,0.1,1.06,OK,Loecke Lab at University of Kansas,x62Vn5hs7AEYJHGg93BQog==,,1,2,,-1,20200224T171839Z
d063b55b-0f19-4f11-babc-39f808827212,D13,COMO,COMO,2019-03-19T17:56Z,2019-04-10,33,COMO.ss.20190319.air,C:\Chem32\1\Data\NEON_GHG 2019-04-10\42.D,COMO.SS.20190319.AIR,A00000051692,2.0442976,0.2,1.87,487.7946982,2.2,0.234,0.345629,0.1,1.06,OK,Loecke Lab at University of Kansas,x62Vn5hs7AEYJHGg93BQog==,,1,2,,-1,20200224T171839Z
e6f2524d-dfef-4d51-ac8b-d929dd5afa00,D13,COMO,COMO,2019-04-23T17:15Z,2019-05-06,11,A00000089655,C:\Chem32\1\Data\NEON_GHG 2019-05-06\22.D,COMO.SS.20190423.AIR,A00000089655,2.0463748,0.0555,0.884,469.5702017,5.67,0.549,0.3671823,0.00464,0.626,,Loecke Lab at University of Kansas,iv4VLp7U+qRNfPBG26fk/g==,,1,2,,-1,20200224T170619Z
8c6a2a10-0611-401d-846a-49e1c4eb116b,D13,COMO,COMO,2019-04-23T17:15Z,2019-05-06,12,A00000089724,C:\Chem32\1\Data\NEON_GHG 2019-05-06\24.D,COMO.SS.20190423.WAT,A00000089724,2.2638142,0.0555,0.884,1417.7157921,5.67,0.549,0.520252,0.00464,0.626,,Loecke Lab at University of Kansas,iv4VLp7U+qRNfPBG26fk/g==,,1,2,,-1,20200224T170619Z
216685fa-3201-495c-81d1-f12a972c8eb6,D13,COMO,COMO,2019-05-13T18:21Z,2019-06-19,15,A00000089702,C:\Chem32\1\Data\NEON GHG 20190619 2019-06-19\31.D,COMO.SS.20190513.WAT,A00000089702,2.1693527,0.0555,0.884,1614.6455879,5.67,0.549,0.6024734,0.00464,0.626,,Loecke Lab at University of Kansas,iv4VLp7U+qRNfPBG26fk/g==,,1,2,,-1,20200224T170557Z
9ddb7774-5880-4e39-b866-9b5feee7f91e,D13,COMO,COMO,2019-05-13T18:21Z,2019-06-19,16,A00000089701,C:\Chem32\1\Data\NEON GHG 20190619 2019-06-19\33.D,COMO.SS.20190513.AIR,A00000089701,2.4962436,0.0555,0.884,582.0701137,5.67,0.549,0.7304078,0.00464,0.626,,Loecke Lab at University of Kansas,iv4VLp7U+qRNfPBG26fk/g==,,1,2,,-1,20200224T170557Z
28360dec-3e65-4d10-b4d2-4fc001081986,D13,COMO,COMO,2019-05-21T16:36Z,2019-06-19,11,A00000089982,C:\Chem32\1\Data\NEON GHG 20190619 2019-06-19\22.D,COMO.SS.20190521.WAT,A00000089982,2.3580067,0.0555,0.884,946.4224013,5.67,0.549,0.5101613,0.00464,0.626,,Loecke Lab at University of Kansas,iv4VLp7U+qRNfPBG26fk/g==,,1,2,,-1,20200224T170557Z
0abd7038-9dbb-4af6-a430-128cd4040b1e,D13,COMO,COMO,2019-05-21T16:36Z,2019-06-19,12,A00000089965,C:\Chem32\1\Data\NEON GHG 20190619 2019-06-19\24.D,COMO.SS.20190521.AIR,A00000089965,2.3025778,0.0555,0.884,546.2633198,5.67,0.549,0.6367656,0.00464,0.626,,Loecke Lab at University of Kansas,iv4VLp7U+qRNfPBG26fk/g==,,1,2,,-1,20200224T170557Z
c0090d38-9f54-4589-a4e2-1d4c4cf1a075,D13,COMO,COMO,2019-05-28T20:44Z,2019-06-19,20,A00000090008,C:\Chem32\1\Data\NEON GHG 20190619 2019-06-19\37.D,COMO.SS.20190528.AIR,A00000090008,2.4121749,0.0555,0.884,663.8307903,5.67,0.549,0.551866,0.00464,0.626,,Loecke Lab at University of Kansas,iv4VLp7U+qRNfPBG26fk/g==,,1,2,,-1,20200224T170557Z
168c94d6-9f01-4612-9205-aa84668b01e7,D13,COMO,COMO,2019-05-28T20:44Z,2019-06-19,19,A00000090034,C:\Chem32\1\Data\NEON GHG 20190619 2019-06-19\35.D,COMO.SS.20190528.WAT,A00000090034,2.4647287,0.0555,0.884,810.666705,5.67,0.549,0.6311755,0.00464,0.626,,Loecke Lab at University of Kansas,iv4VLp7U+qRNfPBG26fk/g==,,1,2,,-1,20200224T170557Z
f049db01-21c4-4aa4-9f24-ef6696794ef4,D13,COMO,COMO,2019-06-03T16:43Z,2019-06-19,25,A00000089882,C:\Chem32\1\Data\NEON GHG 20190619 2019-06-19\36.D,COMO.SS.20190603.AIR,A00000089882,2.4968214,0.0555,0.884,490.1617919,5.67,0.549,0.6163397,0.00464,0.626,"",Loecke Lab at University of Kansas,iv4VLp7U+qRNfPBG26fk/g==,,1,2,,-1,20200224T171505Z
84a78ec4-1281-415c-8cf0-f0eb36281e38,D13,COMO,COMO,2019-06-03T16:43Z,2019-06-19,26,A00000089869,C:\Chem32\1\Data\NEON GHG 20190619 2019-06-19\38.D,COMO.SS.20190603.WAT,A00000089869,2.5164561,0.0555,0.884,832.2095311,5.67,0.549,0.6992672,0.00464,0.626,"",Loecke Lab at University of Kansas,iv4VLp7U+qRNfPBG26fk/g==,,1,2,,-1,20200224T171505Z
2c896b83-5ceb-44b5-89d6-30db270bc9e1,D13,COMO,COMO,2019-06-10T16:53Z,2019-06-19,14,A00000089696,C:\Chem32\1\Data\NEON GHG 20190619 2019-06-19\27.D,COMO.SS.20190610.AIR,A00000089696,2.4502061,0.0555,0.884,468.7250537,5.67,0.549,0.6343411,0.00464,0.626,"",Loecke Lab at University of Kansas,iv4VLp7U+qRNfPBG26fk/g==,,1,2,,-1,20200224T171505Z
7320a466-7f0f-4293-b0a7-d052fb85fd85,D13,COMO,COMO,2019-06-10T16:53Z,2019-06-19,13,A00000089695,C:\Chem32\1\Data\NEON GHG 20190619 2019-06-19\25.D,COMO.SS.20190610.WAT,A00000089695,2.2340512,0.0555,0.884,622.8875635,5.67,0.549,0.5772453,0.00464,0.626,"",Loecke Lab at University of Kansas,iv4VLp7U+qRNfPBG26fk/g==,,1,2,,-1,20200224T171505Z
5e66971c-5bf5-4013-b532-d955b82ad8bc,D13,COMO,COMO,2019-06-12T16:14Z,2019-07-03,6,COMO.ss.20190612.wat,C:\Chem32\1\Data\NEON GHG_2019-07-03 2019-07-03\66.D,COMO.SS.20190612.WAT,A00000089887,2.2602575,0.0555,0.884,650.2889909,5.67,0.549,0.6305296,0.00464,0.626,OK,Loecke Lab at University of Kansas,iv4VLp7U+qRNfPBG26fk/g==,,1,2,,-1,20200224T171505Z
b0cc3a60-9c2d-4400-b290-64b477eec820,D13,COMO,COMO,2019-06-12T16:14Z,2019-07-03,5,COMO.ss.20190612.air,C:\Chem32\1\Data\NEON GHG_2019-07-03 2019-07-03\64.D,COMO.SS.20190612.AIR,A00000089886,2.3547805,0.0555,0.884,454.172626,5.67,0.549,0.6000381,0.00464,0.626,OK,Loecke Lab at University of Kansas,iv4VLp7U+qRNfPBG26fk/g==,,1,2,,-1,20200224T171505Z
0eb4df2e-b75f-4995-a627-708f1dfed3a0,D13,COMO,COMO,2019-06-18T16:31Z,2019-07-04,3,COMO.ss.20190618.air,C:\Chem32\1\Data\NEON GHG_2019-07-03 2019-07-03\69.D,COMO.SS.20190618.AIR,A00000089890,2.0603947,0.0555,0.884,529.9068391,5.67,0.549,0.4656237,0.00464,0.626,OK,Loecke Lab at University of Kansas,iv4VLp7U+qRNfPBG26fk/g==,,1,2,,-1,20200224T171505Z
5afcca21-9df4-46c0-a83d-a26ff0eb57e2,D13,COMO,COMO,2019-06-18T16:31Z,2019-07-04,4,COMO.ss.20190618.wat,C:\Chem32\1\Data\NEON GHG_2019-07-03 2019-07-03\71.D,COMO.SS.20190618.WAT,A00000089907,2.0920742,0.0555,0.884,751.9686465,5.67,0.549,0.4886106,0.00464,0.626,OK,Loecke Lab at University of Kansas,iv4VLp7U+qRNfPBG26fk/g==,,1,2,,-1,20200224T171505Z
58df3cba-0da2-4443-b75e-3d997705ae89,D13,COMO,COMO,2019-06-20T15:45Z,2019-07-03,8,COMO.ss.20190620.wat,C:\Chem32\1\Data\NEON GHG_2019-07-03 2019-07-03\65.D,COMO.SS.20190620.WAT,A00000090741,2.1275862,0.0555,0.884,647.7852878,5.67,0.549,0.7827695,0.00464,0.626,OK,Loecke Lab at University of Kansas,iv4VLp7U+qRNfPBG26fk/g==,,1,2,,-1,20200224T171505Z
e3343260-faec-4c94-aae0-fdbb21bfe020,D13,COMO,COMO,2019-06-20T15:45Z,2019-07-03,7,COMO.ss.20190620.air,C:\Chem32\1\Data\NEON GHG_2019-07-03 2019-07-03\63.D,COMO.SS.20190620.AIR,A00000090758,2.2165028,0.0555,0.884,439.9317843,5.67,0.549,0.6664814,0.00464,0.626,OK,Loecke Lab at University of Kansas,iv4VLp7U+qRNfPBG26fk/g==,,1,2,,-1,20200224T171505Z
de83d567-c970-4ba3-a202-929d6d6bb246,D13,COMO,COMO,2019-06-25T15:28Z,2019-07-25,1,COMO.ss.20190625.wat,C:\Chem32\1\Data\NEON_GHG 2019-07-24 2019-07-24\64.D,COMO.SS.20190625.WAT,A00000090740,1.9243408,0.0555,0.884,588.8148795,5.67,0.549,0.4645175,0.00464,0.626,OK,Loecke Lab at University of Kansas,iv4VLp7U+qRNfPBG26fk/g==,,1,2,,-1,20200224T171505Z
746fd54e-eaac-463e-8991-5bffe39fc252,D13,COMO,COMO,2019-06-25T15:28Z,2019-07-25,2,COMO.ss.20190625.air,C:\Chem32\1\Data\NEON_GHG 2019-07-24 2019-07-24\66.D,COMO.SS.20190625.AIR,A00000090779,2.0601112,0.0555,0.884,465.5436447,5.67,0.549,0.5643867,0.00464,0.626,OK,Loecke Lab at University of Kansas,iv4VLp7U+qRNfPBG26fk/g==,,1,2,,-1,20200224T171505Z
1ff802bd-cbe6-4481-9fec-01d6c5c2947b,D13,COMO,COMO,2019-06-27T16:23Z,2019-07-24,1,COMO.ss.20190627.air,C:\Chem32\1\Data\NEON_GHG 2019-07-24 2019-07-24\11.D,COMO.SS.20190627.AIR,A00000090754,2.0470606,0.0555,0.884,563.4911553,5.67,0.549,0.7551084,0.00464,0.626,OK,Loecke Lab at University of Kansas,iv4VLp7U+qRNfPBG26fk/g==,,1,2,,-1,20200224T171505Z
30eaac83-8593-464b-9464-3be6f1db7514,D13,COMO,COMO,2019-06-27T16:23Z,2019-07-24,2,COMO.ss.20190627.wat,C:\Chem32\1\Data\NEON_GHG 2019-07-24 2019-07-24\13.D,COMO.SS.20190627.WAT,A00000090771,2.0948293,0.0555,0.884,615.5954098,5.67,0.549,0.5181353,0.00464,0.626,OK,Loecke Lab at University of Kansas,iv4VLp7U+qRNfPBG26fk/g==,,1,2,,-1,20200224T171505Z
475a4049-3b77-4adf-b051-c96e11a86f4a,D13,COMO,COMO,2019-07-08T16:30Z,2019-07-24,39,COMO.ss.20190708.air,C:\Chem32\1\Data\NEON_GHG 2019-07-24 2019-07-24\19.D,COMO.SS.20190708.AIR,A00000091002,2.0766045,0.0555,0.884,516.12454,5.67,0.549,0.8072652,0.00464,0.626,OK,Loecke Lab at University of Kansas,iv4VLp7U+qRNfPBG26fk/g==,,1,2,,-1,20200224T170705Z
acfc32fc-c5a7-449f-a5d6-7e4d57b1fa0e,D13,COMO,COMO,2019-07-08T16:30Z,2019-07-24,40,COMO.ss.20190708.wat,C:\Chem32\1\Data\NEON_GHG 2019-07-24 2019-07-24\21.D,COMO.SS.20190708.WAT,A00000091037,2.0428343,0.0555,0.884,662.7832222,5.67,0.549,0.6454172,0.00464,0.626,OK,Loecke Lab at University of Kansas,iv4VLp7U+qRNfPBG26fk/g==,,1,2,,-1,20200224T170705Z
619bdd44-ee17-4d24-9a93-730d2113d5bf,D13,COMO,COMO,2019-07-11T14:59Z,2019-07-24,50,COMO.ss.20190711.wat,C:\Chem32\1\Data\NEON_GHG 2019-07-24 2019-07-24\14.D,COMO.SS.20190711.WAT,A00000090747,2.1031274,0.0555,0.884,680.3508556,5.67,0.549,0.6868046,0.00464,0.626,OK,Loecke Lab at University of Kansas,iv4VLp7U+qRNfPBG26fk/g==,,1,2,,-1,20200224T170705Z
aedbe9da-bd47-4333-83c4-ef46684eefa4,D13,COMO,COMO,2019-07-11T14:59Z,2019-07-24,49,COMO.ss.20190711.air,C:\Chem32\1\Data\NEON_GHG 2019-07-24 2019-07-24\12.D,COMO.SS.20190711.AIR,A00000090746,2.034789,0.0555,0.884,461.6609403,5.67,0.549,0.696784,0.00464,0.626,OK,Loecke Lab at University of Kansas,iv4VLp7U+qRNfPBG26fk/g==,,1,2,,-1,20200224T170705Z
50c44acb-068d-4bfd-8dec-0a4e877f2adc,D13,COMO,COMO,2019-07-16T16:58Z,2019-07-24,43,COMO.ss.20190716.wat,C:\Chem32\1\Data\NEON_GHG 2019-07-24 2019-07-24\20.D,COMO.SS.20190716.WAT,A00000091107,2.1025558,0.0555,0.884,654.3321009,5.67,0.549,0.6590606,0.00464,0.626,OK,Loecke Lab at University of Kansas,iv4VLp7U+qRNfPBG26fk/g==,,1,2,,-1,20200224T170705Z
624fe776-92ca-4f10-b6db-00faade547b6,D13,COMO,COMO,2019-07-16T16:58Z,2019-07-24,45,COMO.ss.20190716.air.2,C:\Chem32\1\Data\NEON_GHG 2019-07-24 2019-07-24\26.D,COMO.SS.20190716.AIR.2,A00000091110,2.0165136,0.0555,0.884,443.7932345,5.67,0.549,0.5888136,0.00464,0.626,OK,Loecke Lab at University of Kansas,iv4VLp7U+qRNfPBG26fk/g==,,1,2,,-1,20200224T170705Z
1b3d915d-fb40-4233-b97b-5fc63a945108,D13,COMO,COMO,2019-07-16T16:58Z,2019-07-24,41,COMO.ss.20190716.wat.2,C:\Chem32\1\Data\NEON_GHG 2019-07-24 2019-07-24\16.D,COMO.SS.20190716.WAT.2,A00000091109,2.1511923,0.0555,0.884,635.0306467,5.67,0.549,0.5021129,0.00464,0.626,OK,Loecke Lab at University of Kansas,iv4VLp7U+qRNfPBG26fk/g==,,1,2,,-1,20200224T170705Z
f5eb753d-014b-4177-a8b5-7320c6b8cc12,D13,COMO,COMO,2019-07-16T16:58Z,2019-07-24,46,COMO.ss.20190716.air.3,C:\Chem32\1\Data\NEON_GHG 2019-07-24 2019-07-24\28.D,COMO.SS.20190716.AIR.3,A00000091112,1.9607602,0.0555,0.884,640.7264654,5.67,0.549,0.6167594,0.00464,0.626,OK,Loecke Lab at University of Kansas,iv4VLp7U+qRNfPBG26fk/g==,,1,2,,-1,20200224T170705Z
ef3bb051-3586-46f7-8421-5953d10518df,D13,COMO,COMO,2019-07-16T16:58Z,2019-07-24,42,COMO.ss.20190716.wat.3,C:\Chem32\1\Data\NEON_GHG 2019-07-24 2019-07-24\18.D,COMO.SS.20190716.WAT.3,A00000091111,2.1900116,0.0555,0.884,577.1532891,5.67,0.549,0.905637,0.00464,0.626,OK,Loecke Lab at University of Kansas,iv4VLp7U+qRNfPBG26fk/g==,,1,2,,-1,20200224T170705Z
f017ab19-71b9-4696-b0ec-b943156cfd7f,D13,COMO,COMO,2019-07-16T16:58Z,2019-07-24,44,COMO.ss.20190716.air,C:\Chem32\1\Data\NEON_GHG 2019-07-24 2019-07-24\22.D,COMO.SS.20190716.AIR,A00000090748,1.9381096,0.0555,0.884,536.3039918,5.67,0.549,0.6893937,0.00464,0.626,OK,Loecke Lab at University of Kansas,iv4VLp7U+qRNfPBG26fk/g==,,1,2,,-1,20200224T170705Z
5d458196-71fd-4506-8853-7fede405b435,D13,COMO,COMO,2019-07-22T15:35Z,2019-08-31,1,COMO.ss.20190722.air,C:\Chem32\1\Data\NEON GHG - 20190830 2019-08-30\85.D,COMO.SS.20190722.AIR,A00000091010,2.597021,0.0555,0.884,547.8649809,5.67,0.549,0.5360251,0.00464,0.626,OK,Loecke Lab at University of Kansas,iv4VLp7U+qRNfPBG26fk/g==,,1,2,,-1,20200224T170705Z
33d25ac8-08cc-49a0-a662-85590c7f50e3,D13,COMO,COMO,2019-07-22T15:35Z,2019-08-31,2,COMO.ss.20190722.wat,C:\Chem32\1\Data\NEON GHG - 20190830 2019-08-30\87.D,COMO.SS.20190722.WAT,A00000091026,2.793841,0.0555,0.884,740.9085976,5.67,0.549,0.5983475,0.00464,0.626,OK,Loecke Lab at University of Kansas,iv4VLp7U+qRNfPBG26fk/g==,,1,2,,-1,20200224T170705Z
6340437f-ad18-469d-8579-14c5a737d6a7,D13,COMO,COMO,2019-08-05T16:14Z,2019-08-31,5,COMO.ss.20190805.air,C:\Chem32\1\Data\NEON GHG - 20190830 2019-08-30\81.D,COMO.SS.20190805.AIR,A00000091506,2.6137149,0.0555,0.884,526.5975545,5.67,0.549,0.8862669,0.00464,0.626,OK,Loecke Lab at University of Kansas,iv4VLp7U+qRNfPBG26fk/g==,,1,2,,-1,20200224T170612Z
059ca0eb-f4d7-48fa-b0e5-baa0a7f33930,D13,COMO,COMO,2019-08-05T16:14Z,2019-08-31,6,COMO.ss.20190805.wat,C:\Chem32\1\Data\NEON GHG - 20190830 2019-08-30\83.D,COMO.SS.20190805.WAT,A00000091507,3.0168667,0.0555,0.884,619.48664,5.67,0.549,0.9064151,0.00464,0.626,OK,Loecke Lab at University of Kansas,iv4VLp7U+qRNfPBG26fk/g==,,1,2,,-1,20200224T170612Z
56e166f7-144f-41be-9aa7-4cf8f6a56ed5,D13,COMO,COMO,2019-08-20T16:38Z,2019-09-14,16,COMO.ss.20190820.wat,C:\Chem32\1\Data\NEON GHG_20190913 2019-09-13\81.D,COMO.SS.20190820.WAT,A00000091617,2.6939037,0.0555,0.884,725.0970524,5.67,0.549,1.1213942,0.00464,0.626,OK,Loecke Lab at University of Kansas,iv4VLp7U+qRNfPBG26fk/g==,,1,2,,-1,20200224T170612Z
e236aace-4c57-46cf-9647-450e350947e5,D13,COMO,COMO,2019-08-20T16:38Z,2019-09-14,15,COMO.ss.20190820.air,C:\Chem32\1\Data\NEON GHG_20190913 2019-09-13\79.D,COMO.SS.20190820.AIR,A00000091600,1.9647001,0.0555,0.884,514.2389163,5.67,0.549,0.7491087,0.00464,0.626,OK,Loecke Lab at University of Kansas,iv4VLp7U+qRNfPBG26fk/g==,,1,2,,-1,20200224T170612Z
24e3385e-5476-449b-af68-1c1cfaa8aad6,D13,COMO,COMO,2019-08-22T15:46Z,2019-09-14,17,COMO.ss.20190822.air,C:\Chem32\1\Data\NEON GHG_20190913 2019-09-13\78.D,COMO.SS.20190822.AIR,A00000091614,2.1783025,0.0555,0.884,519.1063621,5.67,0.549,1.0388524,0.00464,0.626,OK,Loecke Lab at University of Kansas,iv4VLp7U+qRNfPBG26fk/g==,,1,2,,-1,20200224T170612Z
5800027a-7e8b-4efb-bc6b-04910c0c5820,D13,COMO,COMO,2019-08-22T15:46Z,2019-09-14,18,COMO.ss.20190822.wat,C:\Chem32\1\Data\NEON GHG_20190913 2019-09-13\80.D,COMO.SS.20190822.WAT,A00000091598,2.7568903,0.0555,0.884,642.9627458,5.67,0.549,0.8255501,0.00464,0.626,OK,Loecke Lab at University of Kansas,iv4VLp7U+qRNfPBG26fk/g==,,1,2,,-1,20200224T170612Z
47bb0f07-4072-4d70-ac0c-5170669b5d7d,D13,COMO,COMO,2019-09-17T16:14Z,2019-10-12,3,COMO.ss.20190917.air,C:\Chem32\1\Data\NEON GHG 20191012 2019-10-12\85.D,COMO.SS.20190917.AIR,A00000092230,2.4941796,0.0555,0.884,445.8594852,5.67,0.549,0.3277387,0.00464,0.626,OK,Loecke Lab at University of Kansas,iv4VLp7U+qRNfPBG26fk/g==,,1,2,,-1,20200224T170339Z
dcfec428-a6d6-4bd8-bee6-2b114d9e19f4,D13,COMO,COMO,2019-09-17T16:14Z,2019-10-12,4,COMO.ss.20190917.wat,C:\Chem32\1\Data\NEON GHG 20191012 2019-10-12\87.D,COMO.SS.20190917.WAT,A00000092231,2.7623668,0.0555,0.884,547.655593,5.67,0.549,0.3223148,0.00464,0.626,OK,Loecke Lab at University of Kansas,iv4VLp7U+qRNfPBG26fk/g==,,1,2,,-1,20200224T170339Z
284b1334-fb4d-4ff8-a582-1a680992029e,D13,COMO,COMO,2019-09-24T17:33Z,2019-10-12,5,COMO.ss.20190924.wat,C:\Chem32\1\Data\NEON GHG 20191012 2019-10-12\82.D,COMO.SS.20190924.WAT,A00000092439,2.4698755,0.0555,0.884,588.1976868,5.67,0.549,0.4172489,0.00464,0.626,OK,Loecke Lab at University of Kansas,iv4VLp7U+qRNfPBG26fk/g==,,1,2,,-1,20200224T170339Z
2d3fb54c-e90b-4b4b-b836-742db8f00e59,D13,COMO,COMO,2019-09-24T17:33Z,2019-10-12,6,COMO.ss.20190924.air,C:\Chem32\1\Data\NEON GHG 20191012 2019-10-12\84.D,COMO.SS.20190924.AIR,A00000092422,2.1867952,0.0555,0.884,462.6717011,5.67,0.549,0.3514547,0.00464,0.626,OK,Loecke Lab at University of Kansas,iv4VLp7U+qRNfPBG26fk/g==,,1,2,,-1,20200224T170339Z
04eedf8b-0ebd-420e-a2bc-9f4d8a459069,D13,COMO,COMO,2019-10-15T16:05Z,2019-11-13,25,COMO.ss.20191015.wat,C:\Chem32\1\Data\NEON GHG 20191113 2019-11-13\11.D,COMO.SS.20191015.WAT,A00000093369,2.5118598,0.0555,0.884,659.3552676,5.67,0.549,0.4931309,0.00464,0.626,OK,Loecke Lab at University of Kansas,iv4VLp7U+qRNfPBG26fk/g==,,1,2,,-1,20200309T153640Z
08ea344f-4e4f-4baa-9e6c-13237428da67,D13,COMO,COMO,2019-10-15T16:05Z,2019-11-13,26,COMO.ss.20191015.air,C:\Chem32\1\Data\NEON GHG 20191113 2019-11-13\13.D,COMO.SS.20191015.AIR,A00000093386,1.9424477,0.0555,0.884,481.2309212,5.67,0.549,0.4185097,0.00464,0.626,OK,Loecke Lab at University of Kansas,iv4VLp7U+qRNfPBG26fk/g==,,1,2,,-1,20200309T153640Z
